time_period,scenario,relative_to_solar,relative_to_solar_p05,relative_to_solar_p95,cumulative_advantage,cumulative_advantage_p05,cumulative_advantage_p95
0,nuclear,0.150027,-0.075736,0.395225,0.150027,-0.075736,0.395225
1,nuclear,0.150027,-0.075736,0.395225,0.300053,-0.151472,0.790449
2,nuclear,0.165786,-0.049048,0.410767,0.465839,-0.200519,1.201216
3,nuclear,0.168935,-0.073866,0.440276,0.634774,-0.274385,1.641492
4,nuclear,0.175621,-0.049170,0.412213,0.810395,-0.323556,2.053705
5,nuclear,0.173545,-0.191760,0.412554,0.983940,-0.515316,2.466259
6,nuclear,0.152422,-0.182406,0.379867,1.136363,-0.697722,2.846127
7,nuclear,0.152676,-0.171417,0.369381,1.289038,-0.869139,3.215508
8,nuclear,0.175109,-0.185651,0.408253,1.464147,-1.054790,3.623761
9,nuclear,0.173896,-0.171158,0.390092,1.638042,-1.225948,4.013853
10,nuclear,0.173589,-0.202133,0.421691,1.811631,-1.428081,4.435544
11,nuclear,0.173772,-0.205384,0.424738,1.985403,-1.633466,4.860282
12,nuclear,0.172530,-0.172192,0.391723,2.157933,-1.805658,5.252004
13,nuclear,0.152024,-0.163990,0.362674,2.309957,-1.969647,5.614678
14,nuclear,0.152390,-0.174672,0.371347,2.462347,-2.144319,5.986025
15,nuclear,0.174008,-0.206306,0.431480,2.636354,-2.350625,6.417506
16,nuclear,0.173763,-0.197184,0.415096,2.810117,-2.547809,6.832602
17,nuclear,0.171589,-0.217721,0.435987,2.981706,-2.765530,7.268589
18,nuclear,0.169888,-0.185648,0.412648,3.151594,-2.951178,7.681237
19,nuclear,0.174272,-0.206314,0.419897,3.325866,-3.157491,8.101134
20,nuclear,0.150948,-0.181502,0.366167,3.476814,-3.338993,8.467301
21,nuclear,0.151237,-0.183826,0.371808,3.628051,-3.522818,8.839109
22,nuclear,0.171539,-0.181154,0.395510,3.799590,-3.703972,9.234619
23,nuclear,0.175058,-0.053594,0.404349,3.974648,-3.757566,9.638968
24,nuclear,0.173754,-0.098240,0.451513,4.148402,-3.855807,10.090481
25,nuclear,0.171731,-0.041120,0.399943,4.320133,-3.896927,10.490424
26,nuclear,0.175774,-0.053534,0.417482,4.495907,-3.950460,10.907906
27,nuclear,0.154922,-0.042916,0.382925,4.650829,-3.993376,11.290830
28,nuclear,0.158417,-0.053486,0.381384,4.809246,-4.046862,11.672214
29,nuclear,0.175251,-0.046526,0.400177,4.984497,-4.093388,12.072391
30,nuclear,0.175634,-0.035207,0.402724,5.160131,-4.128595,12.475115
31,nuclear,0.172793,-0.043053,0.414157,5.332924,-4.171649,12.889272
32,nuclear,0.177282,-0.032006,0.399300,5.510206,-4.203654,13.288572
33,nuclear,0.177509,-0.026770,0.397142,5.687715,-4.230424,13.685713
34,nuclear,0.151026,-0.029540,0.366568,5.838741,-4.259964,14.052282
35,nuclear,0.154798,-0.045849,0.388377,5.993539,-4.305813,14.440659
36,nuclear,0.176549,-0.068926,0.420513,6.170088,-4.374740,14.861172
37,nuclear,0.175143,-0.044744,0.407690,6.345231,-4.419483,15.268862
38,nuclear,0.173475,-0.063783,0.436128,6.518706,-4.483266,15.704990
39,nuclear,0.176327,-0.057858,0.426010,6.695033,-4.541124,16.130999
40,nuclear,0.174276,-0.048450,0.410594,6.869309,-4.589574,16.541593
41,nuclear,0.153569,-0.038633,0.375499,7.022878,-4.628208,16.917093
42,nuclear,0.148870,-0.053104,0.383780,7.171748,-4.681312,17.300872
43,nuclear,0.171562,-0.065292,0.419554,7.343309,-4.746604,17.720426
44,nuclear,0.176555,-0.050338,0.410232,7.519864,-4.796941,18.130659
45,nuclear,0.174315,-0.058663,0.425956,7.694179,-4.855605,18.556615
46,nuclear,0.173982,-0.152308,0.397772,7.868160,-5.007912,18.954386
47,nuclear,0.172581,-0.178786,0.422685,8.040741,-5.186698,19.377071
48,nuclear,0.153679,-0.149337,0.363337,8.194421,-5.336035,19.740408
49,nuclear,0.150409,-0.180911,0.379415,8.344830,-5.516946,20.119823
50,nuclear,0.170229,-0.251368,0.429400,8.515058,-5.768314,20.549223
51,nuclear,0.172151,-0.212620,0.440370,8.687209,-5.980934,20.989593
52,nuclear,0.174347,-0.211242,0.396464,8.861556,-6.192176,21.386057
53,nuclear,0.171745,-0.206622,0.426431,9.033301,-6.398798,21.812488
54,nuclear,0.175289,-0.191336,0.413371,9.208590,-6.590134,22.225859
55,nuclear,0.149615,-0.213753,0.364891,9.358206,-6.803887,22.590750
56,nuclear,0.150250,-0.187435,0.366856,9.508455,-6.991322,22.957606
57,nuclear,0.174278,-0.219609,0.443538,9.682734,-7.210931,23.401144
58,nuclear,0.172568,-0.184090,0.390418,9.855302,-7.395022,23.791562
59,nuclear,0.174554,-0.214691,0.443931,10.029856,-7.609712,24.235493
60,nuclear,0.110329,-0.230954,0.302078,10.140185,-7.840666,24.537572
61,nuclear,0.108279,-0.275633,0.303712,10.248464,-8.116299,24.841284
62,nuclear,0.103726,-0.221621,0.286002,10.352191,-8.337920,25.127285
63,nuclear,0.099800,-0.226470,0.289704,10.451991,-8.564390,25.416990
64,nuclear,0.103168,-0.213635,0.286465,10.555159,-8.778025,25.703455
65,nuclear,0.109238,-0.242076,0.314251,10.664397,-9.020100,26.017706
66,nuclear,0.108162,-0.212516,0.290164,10.772559,-9.232616,26.307870
67,nuclear,0.110196,-0.255440,0.332718,10.882755,-9.488056,26.640588
68,nuclear,0.109064,-0.216866,0.295944,10.991819,-9.704922,26.936532
69,nuclear,0.103908,-0.289864,0.304247,11.095727,-9.994786,27.240779
70,nuclear,0.103377,-0.270355,0.283416,11.199104,-10.265142,27.524195
71,nuclear,0.104670,-0.165590,0.301510,11.303774,-10.430731,27.825705
72,nuclear,0.110431,-0.207887,0.310701,11.414205,-10.638618,28.136406
73,nuclear,0.110685,-0.213802,0.318579,11.524890,-10.852421,28.454985
74,nuclear,0.107580,-0.213220,0.298554,11.632470,-11.065641,28.753540
75,nuclear,0.108687,-0.189680,0.277221,11.741157,-11.255321,29.030761
76,nuclear,0.102680,-0.174897,0.283821,11.843838,-11.430217,29.314582
77,nuclear,0.101725,-0.190052,0.292602,11.945563,-11.620270,29.607184
78,nuclear,0.104539,-0.213727,0.295591,12.050101,-11.833997,29.902775
79,nuclear,0.108611,-0.215070,0.314205,12.158712,-12.049067,30.216980
80,nuclear,0.105007,-0.219802,0.312591,12.263719,-12.268869,30.529571
81,nuclear,0.108796,-0.225959,0.318722,12.372515,-12.494828,30.848293
82,nuclear,0.108121,-0.219858,0.312919,12.480635,-12.714686,31.161212
83,nuclear,0.101433,-0.178635,0.288694,12.582068,-12.893321,31.449906
84,nuclear,0.102178,-0.185603,0.289586,12.684247,-13.078924,31.739492
85,nuclear,0.102988,-0.217961,0.309481,12.787234,-13.296885,32.048973
86,nuclear,0.108910,-0.222037,0.311562,12.896144,-13.518921,32.360536
87,nuclear,0.108769,-0.278900,0.290849,13.004912,-13.797821,32.651384
88,nuclear,0.110362,-0.219087,0.313674,13.115274,-14.016908,32.965059
89,nuclear,0.110160,-0.222617,0.298845,13.225434,-14.239524,33.263904
90,nuclear,0.102891,-0.253610,0.282822,13.328325,-14.493134,33.546726
91,nuclear,0.101897,-0.338661,0.266169,13.430223,-14.831795,33.812896
92,nuclear,0.102367,-0.308574,0.306892,13.532590,-15.140370,34.119788
93,nuclear,0.107637,-0.318846,0.320823,13.640227,-15.459215,34.440611
94,nuclear,0.108918,-0.127347,0.311057,13.749145,-15.586562,34.751668
95,nuclear,0.108685,-0.100822,0.286033,13.857830,-15.687384,35.037701
96,nuclear,0.109839,-0.121665,0.277652,13.967669,-15.809049,35.315353
97,nuclear,0.103847,-0.146683,0.277262,14.071516,-15.955732,35.592615
98,nuclear,0.101534,-0.148860,0.280220,14.173050,-16.104592,35.872836
99,nuclear,0.102003,-0.184802,0.297032,14.275053,-16.289394,36.169868
100,nuclear,0.108676,-0.253595,0.320360,14.383728,-16.542989,36.490228
101,nuclear,0.110449,-0.205756,0.327789,14.494178,-16.748745,36.818017
102,nuclear,0.109387,-0.205052,0.323007,14.603564,-16.953797,37.141024
103,nuclear,0.110948,-0.201727,0.315625,14.714512,-17.155524,37.456649
104,nuclear,0.104094,-0.148819,0.276502,14.818605,-17.304344,37.733151
105,nuclear,0.103115,-0.154996,0.282020,14.921720,-17.459339,38.015171
106,nuclear,0.103547,-0.147572,0.321933,15.025267,-17.606911,38.337104
107,nuclear,0.109805,-0.118486,0.309612,15.135072,-17.725397,38.646716
108,nuclear,0.110234,-0.114408,0.298009,15.245306,-17.839805,38.944726
109,nuclear,0.110545,-0.237886,0.333412,15.355851,-18.077691,39.278138
110,nuclear,0.108198,-0.334301,0.323958,15.464049,-18.411992,39.602096
111,nuclear,0.104305,-0.260485,0.268669,15.568353,-18.672477,39.870765
112,nuclear,0.102279,-0.285728,0.284168,15.670633,-18.958205,40.154933
113,nuclear,0.102939,-0.322925,0.321252,15.773572,-19.281129,40.476185
114,nuclear,0.110194,-0.185751,0.301892,15.883766,-19.466880,40.778077
115,nuclear,0.110979,-0.182197,0.291721,15.994745,-19.649077,41.069797
116,nuclear,0.109530,-0.210445,0.316537,16.104275,-19.859523,41.386334
117,nuclear,0.110681,-0.195650,0.309697,16.214956,-20.055172,41.696032
118,nuclear,0.104243,-0.288545,0.301867,16.319199,-20.343717,41.997899
119,nuclear,0.103805,-0.201680,0.292848,16.423004,-20.545397,42.290747
120,nuclear,0.103998,-0.208556,0.299751,16.527002,-20.753953,42.590498
121,nuclear,0.108157,-0.246360,0.330478,16.635159,-21.000313,42.920976
122,nuclear,0.110643,-0.212127,0.299988,16.745802,-21.212440,43.220964
123,nuclear,0.109998,-0.197614,0.292703,16.855800,-21.410054,43.513667
124,nuclear,0.108886,-0.190884,0.280723,16.964686,-21.600937,43.794390
125,nuclear,0.102594,-0.194642,0.291729,17.067280,-21.795579,44.086118
126,nuclear,0.102931,-0.203932,0.294684,17.170211,-21.999512,44.380803
127,nuclear,0.104847,-0.222073,0.314708,17.275058,-22.221584,44.695511
128,nuclear,0.111188,-0.200908,0.292367,17.386246,-22.422492,44.987878
129,nuclear,0.110881,-0.209158,0.311826,17.497127,-22.631651,45.299704
130,nuclear,0.111510,-0.233601,0.324599,17.608637,-22.865251,45.624304
131,nuclear,0.111232,-0.230611,0.317611,17.719869,-23.095862,45.941915
132,nuclear,0.103110,-0.205480,0.296516,17.822979,-23.301342,46.238431
133,nuclear,0.102712,-0.191760,0.286855,17.925691,-23.493102,46.525286
134,nuclear,0.105068,-0.215840,0.300173,18.030759,-23.708942,46.825458
135,nuclear,0.106473,-0.164997,0.318603,18.137232,-23.873938,47.144061
136,nuclear,0.110445,-0.227341,0.313351,18.247677,-24.101279,47.457413
137,nuclear,0.111276,-0.257515,0.329901,18.358952,-24.358794,47.787314
138,nuclear,0.109648,-0.203651,0.293962,18.468600,-24.562444,48.081276
139,nuclear,0.101556,-0.215472,0.278242,18.570156,-24.777916,48.359518
140,nuclear,0.105669,-0.180410,0.281432,18.675826,-24.958326,48.640950
141,nuclear,0.102422,-0.228902,0.303038,18.778248,-25.187228,48.943987
142,nuclear,0.107898,-0.214261,0.299292,18.886145,-25.401488,49.243279
143,nuclear,0.111866,-0.142953,0.326992,18.998012,-25.544442,49.570271
144,nuclear,0.110113,-0.122352,0.304436,19.108125,-25.666793,49.874707
145,nuclear,0.109821,-0.244594,0.315782,19.217946,-25.911387,50.190490
146,nuclear,0.102928,-0.311312,0.282857,19.320874,-26.222699,50.473347
147,nuclear,0.099703,-0.392584,0.286829,19.420577,-26.615283,50.760177
148,nuclear,0.102506,-0.424501,0.311279,19.523083,-27.039784,51.071456
149,nuclear,0.106160,-0.418558,0.305191,19.629243,-27.458342,51.376647
150,nuclear,0.106963,-0.326506,0.298110,19.736206,-27.784848,51.674757
151,nuclear,0.106548,-0.344086,0.307605,19.842754,-28.128934,51.982362
152,nuclear,0.110963,-0.307417,0.285656,19.953717,-28.436350,52.268018
153,nuclear,0.115767,-0.301680,0.314597,20.069484,-28.738031,52.582615
154,nuclear,0.121620,-0.310231,0.313631,20.191104,-29.048261,52.896246
155,nuclear,0.115772,-0.328738,0.316137,20.306876,-29.376999,53.212383
156,nuclear,0.116754,-0.333507,0.320694,20.423631,-29.710506,53.533077
157,nuclear,0.111895,-0.360253,0.341846,20.535525,-30.070759,53.874923
158,nuclear,0.114759,-0.348179,0.333136,20.650284,-30.418938,54.208059
159,nuclear,0.114831,-0.319169,0.308264,20.765115,-30.738106,54.516323
160,nuclear,0.120072,-0.303862,0.310600,20.885187,-31.041968,54.826923
161,nuclear,0.123111,-0.305355,0.316125,21.008298,-31.347322,55.143049
162,nuclear,0.115832,-0.335428,0.331280,21.124131,-31.682751,55.474329
163,nuclear,0.118488,-0.317181,0.311189,21.242618,-31.999932,55.785518
164,nuclear,0.117160,-0.335532,0.331498,21.359778,-32.335464,56.117016
165,nuclear,0.118647,-0.403740,0.362260,21.478426,-32.739204,56.479276
166,nuclear,0.118086,-0.299879,0.337108,21.596512,-33.039083,56.816384
167,nuclear,0.122968,-0.293348,0.296688,21.719480,-33.332430,57.113072
168,nuclear,0.125073,-0.296708,0.309416,21.844553,-33.629138,57.422488
169,nuclear,0.119067,-0.344611,0.327087,21.963620,-33.973749,57.749574
170,nuclear,0.115762,-0.220628,0.310373,22.079382,-34.194377,58.059948
171,nuclear,0.118080,-0.223357,0.314019,22.197462,-34.417733,58.373967
172,nuclear,0.116399,-0.257382,0.310218,22.313860,-34.675116,58.684185
173,nuclear,0.120639,-0.251986,0.340181,22.434499,-34.927101,59.024366
174,nuclear,0.123370,-0.309966,0.313436,22.557869,-35.237067,59.337802
175,nuclear,0.124640,-0.301347,0.310777,22.682510,-35.538414,59.648579
176,nuclear,0.118098,-0.347072,0.325886,22.800608,-35.885486,59.974465
177,nuclear,0.116919,-0.319132,0.309490,22.917527,-36.204618,60.283954
178,nuclear,0.118181,-0.326211,0.323650,23.035708,-36.530830,60.607604
179,nuclear,0.118753,-0.338086,0.332001,23.154460,-36.868916,60.939605
180,nuclear,0.121300,-0.360238,0.348096,23.275761,-37.229154,61.287701
181,nuclear,0.124367,-0.193066,0.311957,23.400128,-37.422220,61.599658
182,nuclear,0.124706,-0.188247,0.308736,23.524834,-37.610467,61.908395
183,nuclear,0.119454,-0.235365,0.321092,23.644288,-37.845832,62.229486
184,nuclear,0.119105,-0.312416,0.337663,23.763393,-38.158248,62.567149
185,nuclear,0.116166,-0.320203,0.336121,23.879559,-38.478451,62.903271
186,nuclear,0.120268,-0.391164,0.354298,23.999827,-38.869615,63.257568
187,nuclear,0.119763,-0.302782,0.326308,24.119590,-39.172397,63.583876
188,nuclear,0.124643,-0.272558,0.311318,24.244232,-39.444955,63.895193
189,nuclear,0.124263,-0.271596,0.319188,24.368496,-39.716551,64.214382
190,nuclear,0.118100,-0.192979,0.322152,24.486595,-39.909530,64.536534
191,nuclear,0.117366,-0.199221,0.324495,24.603961,-40.108751,64.861029
192,nuclear,0.117526,-0.173738,0.304247,24.721487,-40.282489,65.165275
193,nuclear,0.119028,-0.227690,0.358350,24.840515,-40.510179,65.523625
194,nuclear,0.117866,-0.171950,0.307451,24.958381,-40.682130,65.831076
195,nuclear,0.125453,-0.271087,0.316347,25.083834,-40.953217,66.147423
196,nuclear,0.123181,-0.259156,0.302871,25.207015,-41.212373,66.450293
197,nuclear,0.115985,-0.265996,0.297296,25.322999,-41.478369,66.747589
198,nuclear,0.117325,-0.286470,0.312618,25.440324,-41.764839,67.060207
199,nuclear,0.119305,-0.316534,0.337156,25.559630,-42.081373,67.397363
200,nuclear,0.117777,-0.303682,0.318132,25.677407,-42.385055,67.715495
201,nuclear,0.118261,-0.302328,0.325830,25.795668,-42.687383,68.041326
202,nuclear,0.123313,-0.262788,0.310681,25.918981,-42.950171,68.352006
203,nuclear,0.124586,-0.266144,0.305976,26.043567,-43.216315,68.657983
204,nuclear,0.115474,-0.290920,0.323974,26.159041,-43.507235,68.981957
205,nuclear,0.116820,-0.303666,0.321407,26.275861,-43.810901,69.303364
206,nuclear,0.118278,-0.320379,0.328947,26.394139,-44.131280,69.632311
207,nuclear,0.119843,-0.279534,0.328249,26.513983,-44.410814,69.960560
208,nuclear,0.120187,-0.211459,0.333881,26.634170,-44.622273,70.294441
209,nuclear,0.123259,-0.179132,0.314138,26.757429,-44.801405,70.608580
210,nuclear,0.123541,-0.241317,0.308344,26.880969,-45.042722,70.916924
211,nuclear,0.118487,-0.204472,0.323043,26.999456,-45.247193,71.239966
212,nuclear,0.120136,-0.229617,0.354823,27.119592,-45.476810,71.594789
213,nuclear,0.122076,-0.215896,0.332278,27.241668,-45.692705,71.927067
214,nuclear,0.120894,-0.209009,0.332959,27.362562,-45.901714,72.260026
215,nuclear,0.121308,-0.228297,0.345332,27.483870,-46.130011,72.605358
216,nuclear,0.123334,-0.169074,0.299400,27.607204,-46.299085,72.904758
217,nuclear,0.125174,-0.183784,0.310829,27.732378,-46.482869,73.215586
218,nuclear,0.120456,-0.205149,0.322415,27.852834,-46.688017,73.538001
219,nuclear,0.121572,-0.202114,0.333048,27.974406,-46.890131,73.871049
220,nuclear,0.119132,-0.083928,0.325429,28.093539,-46.974060,74.196478
221,nuclear,0.119045,-0.100223,0.333186,28.212583,-47.074282,74.529664
222,nuclear,0.120563,-0.093710,0.324564,28.333146,-47.167992,74.854228
223,nuclear,0.125358,-0.067360,0.304126,28.458504,-47.235352,75.158353
224,nuclear,0.123623,-0.064968,0.301702,28.582127,-47.300319,75.460055
225,nuclear,0.117131,-0.105919,0.329461,28.699259,-47.406238,75.789516
226,nuclear,0.120728,-0.107049,0.333406,28.819987,-47.513287,76.122921
227,nuclear,0.120064,-0.237596,0.341140,28.940051,-47.750883,76.464061
228,nuclear,0.120414,-0.227534,0.333288,29.060465,-47.978417,76.797350
229,nuclear,0.119125,-0.234605,0.326933,29.179590,-48.213022,77.124283
230,nuclear,0.124600,-0.187686,0.315536,29.304191,-48.400709,77.439819
231,nuclear,0.125031,-0.186777,0.317002,29.429221,-48.587486,77.756820
232,nuclear,0.115713,-0.195503,0.313370,29.544934,-48.782989,78.070190
233,nuclear,0.119362,-0.198630,0.315719,29.664296,-48.981619,78.385909
234,nuclear,0.118522,-0.187981,0.308292,29.782818,-49.169599,78.694201
235,nuclear,0.120092,-0.221724,0.341595,29.902910,-49.391323,79.035795
236,nuclear,0.121064,-0.224949,0.350168,30.023974,-49.616272,79.385963
237,nuclear,0.123861,-0.176088,0.301168,30.147835,-49.792360,79.687131
238,nuclear,0.123962,-0.180652,0.309890,30.271797,-49.973012,79.997021
239,nuclear,0.117697,-0.211869,0.321867,30.389494,-50.184880,80.318888
240,nuclear,0.120396,-0.194775,0.314614,30.509890,-50.379655,80.633502
241,nuclear,0.119744,-0.068754,0.308864,30.629634,-50.448409,80.942366
242,nuclear,0.119266,-0.184538,0.356093,30.748900,-50.632947,81.298458
243,nuclear,0.121369,-0.095448,0.321768,30.870269,-50.728395,81.620227
244,nuclear,0.153046,-0.039841,0.342723,31.023316,-50.768236,81.962950
245,nuclear,0.152909,-0.050897,0.356688,31.176225,-50.819134,82.319638
246,nuclear,0.162393,-0.085526,0.385344,31.338618,-50.904660,82.704981
247,nuclear,0.160747,-0.071796,0.389835,31.499365,-50.976456,83.094816
248,nuclear,0.164092,-0.064672,0.391176,31.663457,-51.041127,83.485992
249,nuclear,0.166652,-0.061243,0.388103,31.830108,-51.102370,83.874095
250,nuclear,0.165927,-0.084301,0.395055,31.996035,-51.186670,84.269150
251,nuclear,0.154494,-0.027099,0.343158,32.150529,-51.213770,84.612308
252,nuclear,0.154041,-0.084713,0.349129,32.304570,-51.298482,84.961437
253,nuclear,0.163128,-0.078189,0.373476,32.467698,-51.376671,85.334914
254,nuclear,0.162348,-0.075135,0.381900,32.630046,-51.451806,85.716814
255,nuclear,0.160348,-0.274466,0.366308,32.790394,-51.726273,86.083122
256,nuclear,0.161354,-0.322258,0.392646,32.951748,-52.048531,86.475768
257,nuclear,0.160564,-0.299137,0.382253,33.112312,-52.347668,86.858021
258,nuclear,0.153638,-0.264451,0.347647,33.265950,-52.612119,87.205668
259,nuclear,0.149686,-0.268074,0.365838,33.415636,-52.880193,87.571506
260,nuclear,0.160796,-0.275274,0.365314,33.576432,-53.155467,87.936820
261,nuclear,0.161057,-0.289033,0.376261,33.737488,-53.444500,88.313081
262,nuclear,0.159283,-0.355653,0.411873,33.896771,-53.800153,88.724954
263,nuclear,0.163709,-0.305829,0.384196,34.060480,-54.105983,89.109150
264,nuclear,0.163172,-0.301127,0.389118,34.223652,-54.407110,89.498268
265,nuclear,0.154106,-0.260320,0.340927,34.377757,-54.667430,89.839195
266,nuclear,0.150953,-0.257799,0.337409,34.528711,-54.925229,90.176604
267,nuclear,0.161497,-0.264912,0.359303,34.690208,-55.190141,90.535907
268,nuclear,0.163807,-0.213239,0.401602,34.854015,-55.403380,90.937508
269,nuclear,0.161647,-0.166141,0.366329,35.015662,-55.569521,91.303837
270,nuclear,0.163772,-0.333957,0.415609,35.179434,-55.903478,91.719446
271,nuclear,0.163962,-0.276432,0.375624,35.343396,-56.179910,92.095070
272,nuclear,0.153208,-0.243155,0.336443,35.496604,-56.423065,92.431513
273,nuclear,0.156618,-0.149791,0.346725,35.653222,-56.572856,92.778238
274,nuclear,0.135224,-0.202556,0.346120,35.788446,-56.775412,93.124358
275,nuclear,0.136347,-0.201354,0.342648,35.924792,-56.976766,93.467005
276,nuclear,0.135285,-0.197061,0.356027,36.060077,-57.173828,93.823032
277,nuclear,0.132147,-0.215627,0.355105,36.192224,-57.389455,94.178137
278,nuclear,0.135368,-0.215681,0.362461,36.327593,-57.605136,94.540598
279,nuclear,0.120531,-0.177868,0.312714,36.448124,-57.783004,94.853313
280,nuclear,0.125603,-0.190967,0.317689,36.573727,-57.973971,95.171002
281,nuclear,0.133039,-0.302941,0.350808,36.706767,-58.276911,95.521810
282,nuclear,0.137847,-0.282954,0.344584,36.844614,-58.559866,95.866394
283,nuclear,0.137007,-0.283247,0.343233,36.981620,-58.843113,96.209627
284,nuclear,0.135051,-0.313540,0.369228,37.116672,-59.156652,96.578855
285,nuclear,0.138448,-0.305761,0.361277,37.255120,-59.462413,96.940132
286,nuclear,0.122032,-0.268392,0.314042,37.377152,-59.730805,97.254174
287,nuclear,0.125259,-0.276245,0.322013,37.502411,-60.007050,97.576187
288,nuclear,0.134349,-0.286198,0.338767,37.636760,-60.293248,97.914954
289,nuclear,0.135749,-0.288507,0.345199,37.772508,-60.581756,98.260153
290,nuclear,0.135487,-0.289748,0.340218,37.907996,-60.871504,98.600371
291,nuclear,0.134656,-0.287634,0.344742,38.042652,-61.159137,98.945113
292,nuclear,0.137681,-0.284756,0.342054,38.180333,-61.443893,99.287167
293,nuclear,0.122564,-0.402864,0.323213,38.302897,-61.846757,99.610380
294,nuclear,0.125173,-0.381000,0.305903,38.428071,-62.227758,99.916283
295,nuclear,0.135503,-0.307052,0.333835,38.563574,-62.534809,100.250118
296,nuclear,0.138661,-0.300879,0.333700,38.702234,-62.835688,100.583818
297,nuclear,0.138857,-0.300821,0.334021,38.841091,-63.136509,100.917838
298,nuclear,0.139556,-0.239787,0.357803,38.980647,-63.376296,101.275641
299,nuclear,0.136573,-0.257146,0.362177,39.117219,-63.633443,101.637818
300,nuclear,0.124755,-0.067039,0.308758,39.241975,-63.700481,101.946575
301,nuclear,0.123597,-0.069285,0.320375,39.365571,-63.769766,102.266950
302,nuclear,0.137598,-0.163925,0.362442,39.503169,-63.933691,102.629393
303,nuclear,0.138904,-0.091122,0.358605,39.642073,-64.024814,102.987997
304,nuclear,0.138940,-0.081370,0.342941,39.781013,-64.106184,103.330938
305,nuclear,0.138387,-0.077654,0.341305,39.919400,-64.183838,103.672243
306,nuclear,0.139501,-0.071149,0.331521,40.058901,-64.254987,104.003765
307,nuclear,0.126540,-0.080150,0.300371,40.185442,-64.335137,104.304136
308,nuclear,0.126084,-0.064309,0.315986,40.311526,-64.399446,104.620122
309,nuclear,0.136789,-0.098032,0.347947,40.448315,-64.497478,104.968069
310,nuclear,0.138110,-0.081529,0.334708,40.586425,-64.579007,105.302777
311,nuclear,0.137410,-0.098866,0.346484,40.723835,-64.677873,105.649261
312,nuclear,0.137795,-0.112683,0.367661,40.861630,-64.790556,106.016922
313,nuclear,0.137173,-0.104721,0.367520,40.998803,-64.895277,106.384442
314,nuclear,0.126984,-0.045476,0.298889,41.125787,-64.940753,106.683331
315,nuclear,0.127200,-0.097297,0.330325,41.252987,-65.038050,107.013656
316,nuclear,0.135715,-0.108596,0.322942,41.388702,-65.146646,107.336599
317,nuclear,0.136520,-0.096038,0.357356,41.525223,-65.242684,107.693954
318,nuclear,0.139387,-0.109568,0.368172,41.664610,-65.352253,108.062126
319,nuclear,0.140243,-0.064299,0.324616,41.804853,-65.416552,108.386742
320,nuclear,0.139356,-0.089214,0.351255,41.944209,-65.505766,108.737997
321,nuclear,0.128366,-0.217218,0.319997,42.072575,-65.722984,109.057994
322,nuclear,0.125877,-0.044556,0.298491,42.198452,-65.767540,109.356485
323,nuclear,0.139279,-0.147441,0.334036,42.337730,-65.914980,109.690521
324,nuclear,0.138851,-0.069404,0.337691,42.476581,-65.984384,110.028212
325,nuclear,0.139013,-0.098703,0.375074,42.615595,-66.083088,110.403287
326,nuclear,0.138248,-0.098183,0.366508,42.753843,-66.181271,110.769795
327,nuclear,0.138878,-0.096939,0.359830,42.892721,-66.278210,111.129625
328,nuclear,0.126890,-0.149873,0.302225,43.019611,-66.428083,111.431850
329,nuclear,0.130002,-0.084432,0.336343,43.149613,-66.512515,111.768193
330,nuclear,0.139524,-0.140692,0.358052,43.289137,-66.653207,112.126245
331,nuclear,0.139512,-0.117212,0.361519,43.428649,-66.770418,112.487764
332,nuclear,0.137141,-0.119133,0.324784,43.565790,-66.889551,112.812548
333,nuclear,0.137966,-0.115495,0.338923,43.703756,-67.005047,113.151471
334,nuclear,0.138139,-0.088078,0.342756,43.841895,-67.093125,113.494226
335,nuclear,0.144518,-0.048133,0.353212,43.986413,-67.141258,113.847438
336,nuclear,0.144614,-0.332680,0.365201,44.131027,-67.473938,114.212639
337,nuclear,0.154413,-0.360351,0.410946,44.285439,-67.834290,114.623585
338,nuclear,0.161752,-0.351241,0.393036,44.447191,-68.185531,115.016621
339,nuclear,0.161562,-0.374877,0.427446,44.608753,-68.560407,115.444067
340,nuclear,0.165369,-0.347626,0.395247,44.774122,-68.908033,115.839314
341,nuclear,0.171267,-0.366027,0.423905,44.945389,-69.274061,116.263219
342,nuclear,0.149548,-0.331526,0.359752,45.094937,-69.605587,116.622972
343,nuclear,0.150636,-0.328620,0.367875,45.245574,-69.934207,116.990847
344,nuclear,0.170103,-0.389372,0.447231,45.415677,-70.323579,117.438077
345,nuclear,0.170594,-0.373526,0.428228,45.586271,-70.697105,117.866306
346,nuclear,0.170446,-0.375046,0.407236,45.756717,-71.072151,118.273542
347,nuclear,0.171656,-0.381986,0.437111,45.928373,-71.454138,118.710652
348,nuclear,0.171293,-0.369227,0.422919,46.099666,-71.823364,119.133571
349,nuclear,0.149269,-0.343980,0.376263,46.248935,-72.167344,119.509834
350,nuclear,0.151242,-0.344700,0.368292,46.400176,-72.512044,119.878126
351,nuclear,0.169610,-0.372135,0.426830,46.569786,-72.884178,120.304956
352,nuclear,0.170431,-0.358444,0.412429,46.740217,-73.242622,120.717385
353,nuclear,0.172607,-0.242503,0.406475,46.912824,-73.485125,121.123860
354,nuclear,0.172690,-0.250506,0.403120,47.085514,-73.735630,121.526980
355,nuclear,0.172522,-0.275285,0.440888,47.258037,-74.010915,121.967868
356,nuclear,0.153106,-0.168992,0.368125,47.411142,-74.179908,122.335993
357,nuclear,0.153893,-0.160766,0.366705,47.565035,-74.340674,122.702698
358,nuclear,0.170512,-0.175334,0.398181,47.735547,-74.516008,123.100879
359,nuclear,0.173269,-0.161940,0.389332,47.908816,-74.677948,123.490211
360,nuclear,0.173887,-0.173144,0.413180,48.082703,-74.851092,123.903391
361,nuclear,0.173948,-0.068812,0.410643,48.256651,-74.919904,124.314033
362,nuclear,0.174232,-0.052857,0.405773,48.430883,-74.972761,124.719806
363,nuclear,0.154999,-0.040800,0.364640,48.585882,-75.013562,125.084446
364,nuclear,0.154020,-0.047499,0.368447,48.739902,-75.061061,125.452893
365,nuclear,0.172564,-0.092981,0.432073,48.912466,-75.154041,125.884966
0,fusion,0.175803,-0.059332,0.418982,0.175803,-0.059332,0.418982
1,fusion,0.175803,-0.059332,0.418982,0.351607,-0.118664,0.837964
2,fusion,0.192176,-0.024218,0.435200,0.543783,-0.142882,1.273164
3,fusion,0.195915,-0.044918,0.464138,0.739698,-0.187799,1.737302
4,fusion,0.201932,-0.021432,0.436524,0.941630,-0.209231,2.173826
5,fusion,0.201439,-0.025642,0.438206,1.143069,-0.234874,2.612032
6,fusion,0.180451,-0.035115,0.401721,1.323520,-0.269988,3.013753
7,fusion,0.178625,-0.021798,0.392792,1.502144,-0.291786,3.406545
8,fusion,0.201719,-0.020995,0.432362,1.703863,-0.312781,3.838907
9,fusion,0.201172,-0.005741,0.415692,1.905035,-0.318523,4.254599
10,fusion,0.202664,-0.032476,0.446266,2.107700,-0.350999,4.700866
11,fusion,0.200977,-0.038829,0.450280,2.308677,-0.389828,5.151145
12,fusion,0.199752,-0.009983,0.417160,2.508429,-0.399811,5.568305
13,fusion,0.178316,-0.101992,0.384713,2.686745,-0.501803,5.953018
14,fusion,0.179673,-0.111454,0.395150,2.866417,-0.613257,6.348168
15,fusion,0.199604,-0.142197,0.454930,3.066022,-0.755454,6.803098
16,fusion,0.200410,-0.033644,0.441292,3.266432,-0.789099,7.244390
17,fusion,0.199948,-0.049250,0.463137,3.466380,-0.838349,7.707527
18,fusion,0.198306,-0.019225,0.436363,3.664686,-0.857574,8.143890
19,fusion,0.201559,-0.029446,0.444382,3.866244,-0.887021,8.588271
20,fusion,0.178898,-0.122115,0.389459,4.045142,-1.009136,8.977730
21,fusion,0.177417,-0.126543,0.395570,4.222559,-1.135679,9.373300
22,fusion,0.200941,-0.126659,0.420221,4.423500,-1.262338,9.793522
23,fusion,0.202746,-0.130446,0.429654,4.626245,-1.392784,10.223176
24,fusion,0.200587,-0.168561,0.476251,4.826832,-1.561345,10.699426
25,fusion,0.198660,-0.129643,0.424576,5.025492,-1.690987,11.124002
26,fusion,0.201108,-0.142782,0.443294,5.226600,-1.833769,11.567296
27,fusion,0.179809,-0.123255,0.405811,5.406410,-1.957024,11.973107
28,fusion,0.182573,-0.104484,0.405302,5.588982,-2.061508,12.378408
29,fusion,0.201196,-0.096414,0.424663,5.790178,-2.157922,12.803072
30,fusion,0.201701,-0.095070,0.427482,5.991879,-2.252992,13.230554
31,fusion,0.198238,-0.212188,0.439160,6.190117,-2.465180,13.669714
32,fusion,0.201769,-0.225101,0.422971,6.391885,-2.690280,14.092685
33,fusion,0.201655,-0.222209,0.420321,6.593540,-2.912489,14.513005
34,fusion,0.176266,-0.202675,0.388851,6.769806,-3.115164,14.901857
35,fusion,0.180221,-0.120332,0.411707,6.950028,-3.235497,15.313564
36,fusion,0.202488,-0.135745,0.445623,7.152516,-3.371242,15.759187
37,fusion,0.201339,-0.127763,0.432293,7.353854,-3.499005,16.191480
38,fusion,0.199199,-0.137622,0.462261,7.553054,-3.636627,16.653741
39,fusion,0.200871,-0.231069,0.449670,7.753925,-3.867696,17.103411
40,fusion,0.200652,-0.223498,0.435032,7.954577,-4.091194,17.538443
41,fusion,0.179076,-0.195453,0.399567,8.133653,-4.286647,17.938010
42,fusion,0.175437,-0.193059,0.408277,8.309090,-4.479706,18.346288
43,fusion,0.196585,-0.217393,0.444130,8.505675,-4.697099,18.790418
44,fusion,0.201225,-0.199255,0.433879,8.706899,-4.896354,19.224297
45,fusion,0.199232,-0.217163,0.450296,8.906132,-5.113517,19.674593
46,fusion,0.200253,-0.194577,0.421793,9.106385,-5.308093,20.096386
47,fusion,0.198534,-0.206839,0.448818,9.304919,-5.514932,20.545204
48,fusion,0.179772,-0.167143,0.388065,9.484691,-5.682075,20.933269
49,fusion,0.177247,-0.199466,0.404854,9.661939,-5.881541,21.338123
50,fusion,0.197629,-0.243741,0.454631,9.859568,-6.125281,21.792755
51,fusion,0.197342,-0.251794,0.464151,10.056909,-6.377075,22.256906
52,fusion,0.198183,-0.221484,0.420931,10.255092,-6.598560,22.677837
53,fusion,0.199555,-0.244400,0.451959,10.454647,-6.842960,23.129797
54,fusion,0.201897,-0.232866,0.439488,10.656544,-7.075826,23.569285
55,fusion,0.176153,-0.194141,0.391096,10.832697,-7.269968,23.960382
56,fusion,0.176844,-0.196897,0.391663,11.009541,-7.466865,24.352045
57,fusion,0.199434,-0.243109,0.468208,11.208974,-7.709973,24.820253
58,fusion,0.200609,-0.203298,0.416254,11.409584,-7.913271,25.236507
59,fusion,0.199400,-0.232779,0.469485,11.608983,-8.146050,25.705991
60,fusion,0.137108,-0.239730,0.326741,11.746092,-8.385779,26.032732
61,fusion,0.134987,-0.194976,0.328668,11.881079,-8.580755,26.361400
62,fusion,0.129542,-0.164935,0.309715,12.010620,-8.745690,26.671115
63,fusion,0.128497,-0.173029,0.315381,12.139118,-8.918719,26.986496
64,fusion,0.130960,-0.057903,0.313324,12.270078,-8.976622,27.299820
65,fusion,0.136437,-0.068218,0.339463,12.406515,-9.044840,27.639283
66,fusion,0.136464,-0.046025,0.315989,12.542978,-9.090865,27.955272
67,fusion,0.138166,-0.086260,0.357114,12.681145,-9.177125,28.312386
68,fusion,0.137245,-0.056894,0.320745,12.818390,-9.234019,28.633131
69,fusion,0.132076,-0.063249,0.328092,12.950466,-9.297267,28.961222
70,fusion,0.130234,-0.043863,0.308584,13.080700,-9.341130,29.269806
71,fusion,0.131463,-0.067103,0.325846,13.212163,-9.408233,29.595652
72,fusion,0.136308,-0.076840,0.335139,13.348471,-9.485074,29.930791
73,fusion,0.137384,-0.085956,0.343473,13.485855,-9.571030,30.274265
74,fusion,0.137205,-0.064523,0.324490,13.623060,-9.635553,30.598755
75,fusion,0.136400,-0.043431,0.302203,13.759460,-9.678984,30.900958
76,fusion,0.128142,-0.061397,0.307553,13.887602,-9.740381,31.208510
77,fusion,0.128665,-0.069715,0.315907,14.016267,-9.810096,31.524418
78,fusion,0.131734,-0.069683,0.320921,14.148000,-9.879780,31.845339
79,fusion,0.136652,-0.167943,0.338320,14.284653,-10.047722,32.183659
80,fusion,0.134854,-0.083526,0.337155,14.419507,-10.131248,32.520814
81,fusion,0.136281,-0.089654,0.344585,14.555788,-10.220901,32.865399
82,fusion,0.135520,-0.081618,0.337510,14.691308,-10.302519,33.202909
83,fusion,0.128844,-0.068059,0.311914,14.820152,-10.370579,33.514823
84,fusion,0.129267,-0.067314,0.312442,14.949418,-10.437892,33.827265
85,fusion,0.129827,-0.093857,0.333232,15.079245,-10.531749,34.160497
86,fusion,0.136702,-0.081215,0.336442,15.215947,-10.612965,34.496938
87,fusion,0.138789,-0.060685,0.316923,15.354737,-10.673649,34.813861
88,fusion,0.137659,-0.123566,0.339079,15.492396,-10.797216,35.152940
89,fusion,0.138020,-0.073875,0.328266,15.630416,-10.871091,35.481206
90,fusion,0.129989,-0.063098,0.307071,15.760405,-10.934189,35.788276
91,fusion,0.125937,-0.097393,0.291224,15.886342,-11.031582,36.079500
92,fusion,0.129517,-0.078085,0.332476,16.015859,-11.109667,36.411977
93,fusion,0.136509,-0.084397,0.346836,16.152367,-11.194065,36.758813
94,fusion,0.137281,-0.071700,0.337180,16.289648,-11.265764,37.095993
95,fusion,0.134964,-0.051163,0.311380,16.424613,-11.316927,37.407373
96,fusion,0.137213,-0.055018,0.303478,16.561825,-11.371946,37.710851
97,fusion,0.130172,-0.058677,0.301154,16.691997,-11.430623,38.012005
98,fusion,0.130517,-0.062234,0.304066,16.822514,-11.492857,38.316071
99,fusion,0.130376,-0.074009,0.323262,16.952891,-11.566865,38.639333
100,fusion,0.136856,-0.164281,0.348439,17.089747,-11.731146,38.987772
101,fusion,0.137321,-0.164186,0.354289,17.227068,-11.895333,39.342061
102,fusion,0.137336,-0.095685,0.348347,17.364403,-11.991017,39.690408
103,fusion,0.135287,-0.138833,0.344281,17.499691,-12.129850,40.034689
104,fusion,0.130177,-0.132809,0.299579,17.629867,-12.262659,40.334268
105,fusion,0.128495,-0.165416,0.306976,17.758362,-12.428075,40.641244
106,fusion,0.130176,-0.200471,0.348705,17.888538,-12.628546,40.989949
107,fusion,0.135900,-0.187678,0.333903,18.024438,-12.816224,41.323852
108,fusion,0.135250,-0.180741,0.324620,18.159688,-12.996965,41.648472
109,fusion,0.138667,-0.262963,0.359858,18.298355,-13.259928,42.008329
110,fusion,0.135891,-0.197307,0.350614,18.434246,-13.457235,42.358944
111,fusion,0.130776,-0.051316,0.292467,18.565023,-13.508550,42.651411
112,fusion,0.128106,-0.066305,0.310513,18.693128,-13.574855,42.961924
113,fusion,0.128650,-0.094293,0.345747,18.821779,-13.669148,43.307671
114,fusion,0.135430,-0.077995,0.326699,18.957209,-13.747143,43.634370
115,fusion,0.138401,-0.070393,0.317320,19.095610,-13.817536,43.951690
116,fusion,0.135787,-0.088131,0.341665,19.231397,-13.905667,44.293355
117,fusion,0.136387,-0.073218,0.334002,19.367785,-13.978885,44.627356
118,fusion,0.130107,-0.160699,0.324101,19.497892,-14.139583,44.951457
119,fusion,0.130229,-0.160085,0.315506,19.628121,-14.299668,45.266963
120,fusion,0.129615,-0.140585,0.326092,19.757736,-14.440253,45.593056
121,fusion,0.133534,-0.102882,0.351224,19.891270,-14.543135,45.944280
122,fusion,0.136553,-0.072475,0.323683,20.027823,-14.615610,46.267963
123,fusion,0.136327,-0.067869,0.317466,20.164150,-14.683479,46.585429
124,fusion,0.135660,-0.059384,0.304720,20.299810,-14.742863,46.890149
125,fusion,0.127503,-0.129295,0.313120,20.427312,-14.872158,47.203269
126,fusion,0.128992,-0.078207,0.315198,20.556305,-14.950365,47.518466
127,fusion,0.130145,-0.131226,0.338087,20.686450,-15.081591,47.856553
128,fusion,0.135232,-0.071082,0.316040,20.821682,-15.152673,48.172593
129,fusion,0.136295,-0.088742,0.334551,20.957977,-15.241415,48.507144
130,fusion,0.135002,-0.195979,0.347019,21.092979,-15.437394,48.854163
131,fusion,0.133919,-0.183991,0.341182,21.226898,-15.621385,49.195345
132,fusion,0.126907,-0.168558,0.319499,21.353805,-15.789942,49.514845
133,fusion,0.126532,-0.151064,0.307978,21.480336,-15.941007,49.822823
134,fusion,0.129045,-0.159372,0.323529,21.609382,-16.100378,50.146352
135,fusion,0.132356,-0.170860,0.339089,21.741738,-16.271239,50.485441
136,fusion,0.135732,-0.090397,0.338389,21.877470,-16.361636,50.823830
137,fusion,0.135473,-0.110826,0.354287,22.012943,-16.472461,51.178117
138,fusion,0.135667,-0.149554,0.316865,22.148609,-16.622016,51.494983
139,fusion,0.126960,-0.060537,0.301194,22.275570,-16.682552,51.796177
140,fusion,0.129195,-0.064324,0.304567,22.404765,-16.746877,52.100744
141,fusion,0.128327,-0.083990,0.328587,22.533092,-16.830867,52.429331
142,fusion,0.135917,-0.160357,0.324719,22.669009,-16.991224,52.754050
143,fusion,0.134085,-0.270709,0.351576,22.803094,-17.261933,53.105626
144,fusion,0.135718,-0.084565,0.330487,22.938812,-17.346498,53.436113
145,fusion,0.136924,-0.085894,0.340226,23.075736,-17.432391,53.776339
146,fusion,0.128766,-0.058786,0.305524,23.204502,-17.491177,54.081863
147,fusion,0.128470,-0.064105,0.310054,23.332972,-17.555282,54.391917
148,fusion,0.131353,-0.081704,0.335923,23.464326,-17.636986,54.727840
149,fusion,0.134230,-0.075489,0.329389,23.598556,-17.712475,55.057229
150,fusion,0.136816,-0.070426,0.323153,23.735372,-17.782901,55.380382
151,fusion,0.136020,-0.066372,0.332482,23.871393,-17.849273,55.712864
152,fusion,0.138746,-0.033337,0.311665,24.010139,-17.882610,56.024528
153,fusion,0.143661,-0.042691,0.339217,24.153800,-17.925301,56.363745
154,fusion,0.150373,-0.041503,0.336514,24.304173,-17.966804,56.700259
155,fusion,0.147388,-0.044109,0.340837,24.451560,-18.010913,57.041096
156,fusion,0.147660,-0.042331,0.347723,24.599221,-18.053244,57.388819
157,fusion,0.146170,-0.068624,0.367554,24.745391,-18.121868,57.756373
158,fusion,0.145712,-0.063795,0.357560,24.891103,-18.185663,58.113933
159,fusion,0.148322,-0.084577,0.335611,25.039425,-18.270240,58.449545
160,fusion,0.151065,-0.038913,0.333810,25.190490,-18.309153,58.783355
161,fusion,0.151633,-0.042070,0.340488,25.342123,-18.351222,59.123842
162,fusion,0.146308,-0.144752,0.356001,25.488431,-18.495974,59.479843
163,fusion,0.149104,-0.041815,0.338022,25.637535,-18.537789,59.817865
164,fusion,0.146717,-0.058066,0.357879,25.784252,-18.595855,60.175745
165,fusion,0.145984,-0.090669,0.387088,25.930236,-18.686524,60.562832
166,fusion,0.146376,-0.119281,0.362710,26.076612,-18.805805,60.925542
167,fusion,0.152006,-0.021929,0.319423,26.228617,-18.827734,61.244965
168,fusion,0.152846,-0.033571,0.332002,26.381463,-18.861305,61.576967
169,fusion,0.146674,-0.074019,0.351646,26.528137,-18.935324,61.928613
170,fusion,0.144235,-0.060534,0.335628,26.672373,-18.995858,62.264241
171,fusion,0.146282,-0.059249,0.336830,26.818655,-19.055106,62.601071
172,fusion,0.146094,-0.122616,0.333255,26.964749,-19.177722,62.934326
173,fusion,0.149481,-0.147212,0.363024,27.114231,-19.324934,63.297350
174,fusion,0.150248,-0.117852,0.333369,27.264478,-19.442787,63.630718
175,fusion,0.152319,-0.106165,0.333193,27.416797,-19.548952,63.963912
176,fusion,0.145738,-0.142805,0.354236,27.562535,-19.691757,64.318148
177,fusion,0.145424,-0.123120,0.334548,27.707959,-19.814877,64.652696
178,fusion,0.146274,-0.132726,0.348708,27.854233,-19.947604,65.001405
179,fusion,0.146915,-0.139384,0.356574,28.001149,-20.086988,65.357979
180,fusion,0.148643,-0.161550,0.375918,28.149792,-20.248538,65.733897
181,fusion,0.150515,-0.109215,0.333314,28.300306,-20.357753,66.067211
182,fusion,0.150688,-0.108106,0.330805,28.450994,-20.465859,66.398016
183,fusion,0.146657,-0.140493,0.346153,28.597651,-20.606353,66.744170
184,fusion,0.146891,-0.140477,0.362177,28.744542,-20.746830,67.106346
185,fusion,0.146512,-0.076535,0.362651,28.891053,-20.823365,67.468997
186,fusion,0.148813,-0.090589,0.380699,29.039867,-20.913954,67.849696
187,fusion,0.149352,-0.047252,0.351754,29.189219,-20.961206,68.201450
188,fusion,0.152598,-0.034699,0.335104,29.341816,-20.995904,68.536554
189,fusion,0.153225,-0.039729,0.344037,29.495041,-21.035633,68.880591
190,fusion,0.147000,-0.045264,0.347998,29.642041,-21.080898,69.228589
191,fusion,0.146211,-0.061946,0.350077,29.788252,-21.142843,69.578666
192,fusion,0.145999,-0.040700,0.330409,29.934251,-21.183543,69.909076
193,fusion,0.146278,-0.102145,0.384136,30.080529,-21.285687,70.293211
194,fusion,0.146528,-0.042819,0.334226,30.227057,-21.328506,70.627437
195,fusion,0.152962,-0.044489,0.340505,30.380019,-21.372996,70.967943
196,fusion,0.150525,-0.036699,0.326158,30.530544,-21.409695,71.294100
197,fusion,0.146052,-0.034932,0.323561,30.676596,-21.444627,71.617662
198,fusion,0.145867,-0.049421,0.338863,30.822463,-21.494048,71.956525
199,fusion,0.148580,-0.067659,0.364384,30.971043,-21.561707,72.320909
200,fusion,0.147314,-0.055258,0.344367,31.118357,-21.616965,72.665276
201,fusion,0.146818,-0.059148,0.353002,31.265175,-21.676112,73.018278
202,fusion,0.151331,-0.043307,0.334450,31.416506,-21.719419,73.352727
203,fusion,0.151524,-0.039332,0.330743,31.568030,-21.758751,73.683470
204,fusion,0.144832,-0.068986,0.351581,31.712862,-21.827736,74.035051
205,fusion,0.146041,-0.055863,0.348679,31.858904,-21.883599,74.383730
206,fusion,0.145374,-0.059203,0.356616,32.004277,-21.942802,74.740346
207,fusion,0.148018,-0.062774,0.355313,32.152295,-22.005576,75.095660
208,fusion,0.148857,-0.064549,0.360211,32.301152,-22.070125,75.455870
209,fusion,0.150935,-0.103001,0.337979,32.452086,-22.173126,75.793849
210,fusion,0.151351,-0.037545,0.333068,32.603437,-22.210671,76.126917
211,fusion,0.145969,-0.055835,0.350111,32.749406,-22.266506,76.477028
212,fusion,0.148258,-0.088266,0.381146,32.897663,-22.354772,76.858174
213,fusion,0.147488,-0.147494,0.358749,33.045151,-22.502266,77.216923
214,fusion,0.146243,-0.153853,0.360294,33.191394,-22.656119,77.577217
215,fusion,0.146309,-0.166080,0.372425,33.337704,-22.822200,77.949641
216,fusion,0.148657,-0.118632,0.324009,33.486360,-22.940831,78.273650
217,fusion,0.149485,-0.131795,0.337744,33.635845,-23.072626,78.611395
218,fusion,0.146017,-0.143705,0.349131,33.781862,-23.216332,78.960525
219,fusion,0.146307,-0.162401,0.360140,33.928169,-23.378733,79.320666
220,fusion,0.146334,-0.140091,0.351116,34.074503,-23.518823,79.671781
221,fusion,0.146815,-0.065096,0.357859,34.221317,-23.583920,80.029640
222,fusion,0.147510,-0.060059,0.350756,34.368828,-23.643979,80.380396
223,fusion,0.150856,-0.088113,0.327591,34.519684,-23.732092,80.707987
224,fusion,0.149030,-0.095092,0.327277,34.668714,-23.827183,81.035264
225,fusion,0.144766,-0.068994,0.356003,34.813481,-23.896177,81.391267
226,fusion,0.146359,-0.078007,0.360107,34.959840,-23.974184,81.751374
227,fusion,0.147202,-0.092333,0.368042,35.107042,-24.066517,82.119416
228,fusion,0.149404,-0.073341,0.359768,35.256446,-24.139858,82.479184
229,fusion,0.148996,-0.065252,0.353296,35.405441,-24.205109,82.832480
230,fusion,0.151206,-0.048299,0.339280,35.556647,-24.253409,83.171760
231,fusion,0.153494,-0.051120,0.341321,35.710141,-24.304529,83.513082
232,fusion,0.145950,-0.127016,0.339693,35.856091,-24.431545,83.852774
233,fusion,0.146384,-0.161397,0.340885,36.002475,-24.592942,84.193660
234,fusion,0.147594,-0.153421,0.334535,36.150070,-24.746363,84.528195
235,fusion,0.147417,-0.183574,0.365474,36.297486,-24.929937,84.893669
236,fusion,0.148877,-0.186199,0.373672,36.446364,-25.116136,85.267340
237,fusion,0.150369,-0.121234,0.324425,36.596732,-25.237370,85.591766
238,fusion,0.151022,-0.130013,0.333221,36.747755,-25.367383,85.924987
239,fusion,0.147466,-0.176571,0.347900,36.895221,-25.543954,86.272887
240,fusion,0.145753,-0.161198,0.339070,37.040974,-25.705152,86.611957
241,fusion,0.144493,-0.238651,0.333019,37.185467,-25.943804,86.944976
242,fusion,0.145182,-0.277180,0.380305,37.330650,-26.220984,87.325281
243,fusion,0.145657,-0.254690,0.346481,37.476306,-26.475674,87.671763
244,fusion,0.177448,-0.195904,0.366436,37.653755,-26.671578,88.038199
245,fusion,0.179129,-0.207616,0.377844,37.832884,-26.879195,88.416042
246,fusion,0.187281,-0.243125,0.409941,38.020165,-27.122320,88.825983
247,fusion,0.186334,-0.234239,0.413997,38.206499,-27.356559,89.239981
248,fusion,0.189050,-0.147461,0.411575,38.395549,-27.504021,89.651556
249,fusion,0.190580,-0.148788,0.412634,38.586129,-27.652809,90.064190
250,fusion,0.191353,-0.155509,0.419043,38.777482,-27.808318,90.483234
251,fusion,0.179678,-0.120831,0.366009,38.957160,-27.929149,90.849242
252,fusion,0.178908,-0.122016,0.371547,39.136068,-28.051165,91.220789
253,fusion,0.189110,-0.238734,0.398081,39.325179,-28.289899,91.618870
254,fusion,0.188774,-0.244067,0.404161,39.513953,-28.533966,92.023031
255,fusion,0.189389,-0.219729,0.392151,39.703341,-28.753695,92.415182
256,fusion,0.191306,-0.162835,0.418405,39.894647,-28.916530,92.833587
257,fusion,0.190627,-0.146951,0.407977,40.085275,-29.063481,93.241564
258,fusion,0.181368,-0.069607,0.370778,40.266642,-29.133089,93.612342
259,fusion,0.179391,-0.035048,0.389241,40.446034,-29.168136,94.001583
260,fusion,0.192144,-0.030904,0.390946,40.638177,-29.199040,94.392529
261,fusion,0.192779,-0.039331,0.402202,40.830957,-29.238371,94.794731
262,fusion,0.190293,-0.060099,0.437378,41.021250,-29.298471,95.232108
263,fusion,0.191456,-0.048679,0.410458,41.212706,-29.347149,95.642566
264,fusion,0.192585,-0.049779,0.415003,41.405291,-29.396928,96.057570
265,fusion,0.186171,-0.020695,0.366162,41.591462,-29.417623,96.423732
266,fusion,0.181637,-0.017941,0.360932,41.773099,-29.435565,96.784663
267,fusion,0.192154,-0.027935,0.385773,41.965252,-29.463500,97.170437
268,fusion,0.193389,-0.056995,0.428059,42.158642,-29.520495,97.598496
269,fusion,0.191936,-0.092753,0.393050,42.350578,-29.613248,97.991546
270,fusion,0.193470,-0.135510,0.442553,42.544048,-29.748758,98.434099
271,fusion,0.191691,-0.063148,0.403184,42.735739,-29.811906,98.837283
272,fusion,0.183310,-0.007592,0.360759,42.919049,-29.819498,99.198042
273,fusion,0.186049,-0.011923,0.370779,43.105098,-29.831422,99.568821
274,fusion,0.164405,-0.055411,0.370576,43.269503,-29.886833,99.939397
275,fusion,0.164142,-0.050252,0.367970,43.433646,-29.937084,100.307367
276,fusion,0.163340,-0.108181,0.380880,43.596985,-30.045266,100.688246
277,fusion,0.161220,-0.060913,0.380592,43.758205,-30.106179,101.068838
278,fusion,0.164925,-0.057850,0.387380,43.923130,-30.164029,101.456218
279,fusion,0.152911,-0.035019,0.336880,44.076041,-30.199048,101.793098
280,fusion,0.154578,-0.033122,0.341308,44.230618,-30.232169,102.134405
281,fusion,0.164431,-0.051878,0.377322,44.395050,-30.284047,102.511727
282,fusion,0.166966,-0.039837,0.370947,44.562016,-30.323885,102.882674
283,fusion,0.164382,-0.043732,0.367031,44.726398,-30.367617,103.249705
284,fusion,0.164781,-0.057118,0.394476,44.891179,-30.424734,103.644181
285,fusion,0.166126,-0.063525,0.386853,45.057306,-30.488259,104.031034
286,fusion,0.152595,-0.042367,0.337309,45.209900,-30.530627,104.368343
287,fusion,0.151056,-0.119188,0.344323,45.360956,-30.649815,104.712666
288,fusion,0.161680,-0.050177,0.363379,45.522636,-30.699992,105.076045
289,fusion,0.163538,-0.058880,0.370773,45.686174,-30.758872,105.446819
290,fusion,0.162606,-0.053327,0.365861,45.848781,-30.812199,105.812680
291,fusion,0.163998,-0.056680,0.369167,46.012778,-30.868880,106.181847
292,fusion,0.164401,-0.151909,0.367049,46.177179,-31.020789,106.548895
293,fusion,0.150899,-0.097305,0.346018,46.328078,-31.118094,106.894913
294,fusion,0.152131,-0.035056,0.330543,46.480209,-31.153150,107.225457
295,fusion,0.163399,-0.048595,0.359053,46.643608,-31.201745,107.584510
296,fusion,0.166119,-0.047331,0.359271,46.809727,-31.249076,107.943781
297,fusion,0.165135,-0.043577,0.358886,46.974862,-31.292653,108.302666
298,fusion,0.166223,-0.063717,0.381546,47.141085,-31.356370,108.684212
299,fusion,0.163857,-0.073596,0.387181,47.304943,-31.429966,109.071393
300,fusion,0.149805,-0.134104,0.333233,47.454748,-31.564070,109.404627
301,fusion,0.152868,-0.035894,0.342088,47.607616,-31.599964,109.746715
302,fusion,0.164140,-0.115129,0.388044,47.771756,-31.715092,110.134759
303,fusion,0.166500,-0.103712,0.383614,47.938256,-31.818805,110.518373
304,fusion,0.165355,-0.097285,0.366133,48.103611,-31.916090,110.884507
305,fusion,0.164371,-0.043750,0.365417,48.267982,-31.959840,111.249924
306,fusion,0.166083,-0.040827,0.356998,48.434065,-32.000667,111.606922
307,fusion,0.154875,-0.064184,0.324221,48.588940,-32.064851,111.931144
308,fusion,0.153603,-0.039954,0.340577,48.742543,-32.104805,112.271720
309,fusion,0.163412,-0.065173,0.372621,48.905955,-32.169978,112.644342
310,fusion,0.163975,-0.041486,0.359323,49.069930,-32.211464,113.003665
311,fusion,0.163145,-0.133624,0.372511,49.233074,-32.345089,113.376176
312,fusion,0.162189,-0.154821,0.392284,49.395264,-32.499910,113.768459
313,fusion,0.162666,-0.215603,0.392373,49.557929,-32.715513,114.160832
314,fusion,0.151861,-0.175240,0.322640,49.709790,-32.890753,114.483473
315,fusion,0.152744,-0.112250,0.353475,49.862534,-33.003003,114.836947
316,fusion,0.161934,-0.094652,0.348567,50.024468,-33.097655,115.185514
317,fusion,0.162364,-0.059548,0.383244,50.186832,-33.157203,115.568758
318,fusion,0.164852,-0.064235,0.393488,50.351684,-33.221437,115.962246
319,fusion,0.164795,-0.028915,0.349337,50.516479,-33.250353,116.311583
320,fusion,0.164718,-0.052371,0.375591,50.681197,-33.302723,116.687175
321,fusion,0.154806,-0.039024,0.344645,50.836003,-33.341747,117.031819
322,fusion,0.150428,-0.022336,0.322523,50.986431,-33.364083,117.354343
323,fusion,0.163224,-0.141711,0.358216,51.149654,-33.505794,117.712559
324,fusion,0.162163,-0.124616,0.362577,51.311818,-33.630410,118.075136
325,fusion,0.163391,-0.155819,0.398226,51.475208,-33.786229,118.473362
326,fusion,0.163690,-0.077453,0.391449,51.638899,-33.863682,118.864811
327,fusion,0.165422,-0.057014,0.382540,51.804321,-33.920696,119.247351
328,fusion,0.152008,-0.023644,0.326542,51.956329,-33.944340,119.573893
329,fusion,0.154344,-0.055009,0.357668,52.110673,-33.999349,119.931562
330,fusion,0.165590,-0.059690,0.383042,52.276262,-34.059040,120.314603
331,fusion,0.165287,-0.145122,0.384931,52.441549,-34.204162,120.699535
332,fusion,0.161180,-0.118441,0.349452,52.602730,-34.322603,121.048987
333,fusion,0.161993,-0.129640,0.362681,52.764723,-34.452243,121.411667
334,fusion,0.162205,-0.135487,0.366832,52.926928,-34.587731,121.778499
335,fusion,0.167131,-0.118310,0.374610,53.094059,-34.706040,122.153109
336,fusion,0.171283,-0.124963,0.386811,53.265342,-34.831003,122.539919
337,fusion,0.182352,-0.133876,0.435541,53.447694,-34.964880,122.975461
338,fusion,0.189091,-0.105002,0.419007,53.636785,-35.069882,123.394468
339,fusion,0.190613,-0.121653,0.453049,53.827397,-35.191535,123.847516
340,fusion,0.194075,-0.099451,0.420915,54.021472,-35.290986,124.268431
341,fusion,0.198960,-0.120378,0.449110,54.220432,-35.411364,124.717542
342,fusion,0.175841,-0.112383,0.382061,54.396273,-35.523747,125.099603
343,fusion,0.176827,-0.127180,0.390235,54.573100,-35.650926,125.489838
344,fusion,0.197528,-0.169007,0.472354,54.770629,-35.819933,125.962192
345,fusion,0.198148,-0.145326,0.454189,54.968777,-35.965259,126.416381
346,fusion,0.199475,-0.119259,0.435834,55.168252,-36.084518,126.852215
347,fusion,0.199838,-0.149644,0.463806,55.368090,-36.234162,127.316021
348,fusion,0.199127,-0.133688,0.447507,55.567217,-36.367850,127.763528
349,fusion,0.177918,-0.029986,0.403395,55.745135,-36.397836,128.166923
350,fusion,0.177431,-0.024808,0.392670,55.922565,-36.422644,128.559593
351,fusion,0.198257,-0.048882,0.454637,56.120823,-36.471526,129.014230
352,fusion,0.201101,-0.033986,0.440019,56.321923,-36.505512,129.454249
353,fusion,0.199201,-0.106392,0.430680,56.521124,-36.611904,129.884930
354,fusion,0.200858,-0.026754,0.431034,56.721982,-36.638658,130.315963
355,fusion,0.201479,-0.055980,0.467089,56.923462,-36.694638,130.783053
356,fusion,0.179108,-0.024808,0.391684,57.102570,-36.719446,131.174736
357,fusion,0.181188,-0.017448,0.392157,57.283758,-36.736894,131.566893
358,fusion,0.198870,-0.023769,0.425666,57.482628,-36.760663,131.992560
359,fusion,0.200565,0.000579,0.415748,57.683193,-36.760084,132.408307
360,fusion,0.202253,-0.012760,0.439117,57.885446,-36.772844,132.847424
361,fusion,0.202323,-0.018392,0.438426,58.087769,-36.791236,133.285850
362,fusion,0.201950,-0.007055,0.431918,58.289719,-36.798291,133.717769
363,fusion,0.181876,-0.005651,0.390554,58.471595,-36.803942,134.108323
364,fusion,0.179790,-0.009468,0.392738,58.651385,-36.813410,134.501061
365,fusion,0.199017,-0.039420,0.459480,58.850402,-36.852830,134.960541
