time_period,scenario,series_name,average_normalised_score,average_normalised_score_p05,average_normalised_score_p95,routes_used,characteristics_used
0,solar,solar_avg,0.544953,0.391826,0.649312,3,8
0,nuclear,nuclear_avg,0.694980,0.573576,0.787050,3,8
0,fusion,fusion_avg,0.720756,0.589981,0.810808,3,8
1,solar,solar_avg,0.544953,0.391826,0.649312,3,8
1,nuclear,nuclear_avg,0.694980,0.573576,0.787050,3,8
1,fusion,fusion_avg,0.720756,0.589981,0.810808,3,8
2,solar,solar_avg,0.555584,0.407419,0.673304,3,8
2,nuclear,nuclear_avg,0.721370,0.624256,0.818186,3,8
2,fusion,fusion_avg,0.747761,0.649086,0.842619,3,8
3,solar,solar_avg,0.549936,0.375033,0.666596,3,8
3,nuclear,nuclear_avg,0.718871,0.592730,0.815309,3,8
3,fusion,fusion_avg,0.745851,0.621679,0.839171,3,8
4,solar,solar_avg,0.550924,0.399024,0.664900,3,8
4,nuclear,nuclear_avg,0.726545,0.615730,0.811237,3,8
4,fusion,fusion_avg,0.752856,0.643468,0.835548,3,8
5,solar,solar_avg,0.551351,0.391577,0.655398,3,8
5,nuclear,nuclear_avg,0.724896,0.463638,0.804132,3,8
5,fusion,fusion_avg,0.752789,0.629756,0.829784,3,8
6,solar,solar_avg,0.542287,0.411804,0.652705,3,8
6,nuclear,nuclear_avg,0.694709,0.470298,0.791671,3,8
6,fusion,fusion_avg,0.722739,0.617590,0.813525,3,8
7,solar,solar_avg,0.544344,0.414069,0.642490,3,8
7,nuclear,nuclear_avg,0.697020,0.471073,0.783451,3,8
7,fusion,fusion_avg,0.722969,0.620693,0.806861,3,8
8,solar,solar_avg,0.546553,0.409029,0.671021,3,8
8,nuclear,nuclear_avg,0.721661,0.485370,0.817282,3,8
8,fusion,fusion_avg,0.748271,0.650026,0.841391,3,8
9,solar,solar_avg,0.550200,0.417586,0.660064,3,8
9,nuclear,nuclear_avg,0.724096,0.488905,0.807678,3,8
9,fusion,fusion_avg,0.751372,0.654322,0.833278,3,8
10,solar,solar_avg,0.546880,0.392675,0.666198,3,8
10,nuclear,nuclear_avg,0.720468,0.464065,0.814366,3,8
10,fusion,fusion_avg,0.749544,0.633723,0.838941,3,8
11,solar,solar_avg,0.546625,0.387597,0.664413,3,8
11,nuclear,nuclear_avg,0.720397,0.459029,0.812335,3,8
11,fusion,fusion_avg,0.747602,0.625584,0.837876,3,8
12,solar,solar_avg,0.546645,0.413578,0.657992,3,8
12,nuclear,nuclear_avg,0.719175,0.485800,0.805301,3,8
12,fusion,fusion_avg,0.746397,0.648008,0.830738,3,8
13,solar,solar_avg,0.542708,0.419955,0.641089,3,8
13,nuclear,nuclear_avg,0.694731,0.477099,0.782628,3,8
13,fusion,fusion_avg,0.721023,0.539098,0.804667,3,8
14,solar,solar_avg,0.543222,0.418286,0.649242,3,8
14,nuclear,nuclear_avg,0.695612,0.474570,0.789633,3,8
14,fusion,fusion_avg,0.722895,0.537788,0.813436,3,8
15,solar,solar_avg,0.546722,0.390100,0.674273,3,8
15,nuclear,nuclear_avg,0.720730,0.467967,0.821581,3,8
15,fusion,fusion_avg,0.746327,0.532075,0.845030,3,8
16,solar,solar_avg,0.549883,0.395909,0.666995,3,8
16,nuclear,nuclear_avg,0.723646,0.469810,0.811005,3,8
16,fusion,fusion_avg,0.750293,0.633350,0.837201,3,8
17,solar,solar_avg,0.550638,0.375277,0.663579,3,8
17,nuclear,nuclear_avg,0.722227,0.445858,0.811264,3,8
17,fusion,fusion_avg,0.750586,0.614328,0.838414,3,8
18,solar,solar_avg,0.550103,0.405837,0.669143,3,8
18,nuclear,nuclear_avg,0.719991,0.483495,0.818486,3,8
18,fusion,fusion_avg,0.748409,0.649917,0.842200,3,8
19,solar,solar_avg,0.545543,0.398936,0.672869,3,8
19,nuclear,nuclear_avg,0.719816,0.466556,0.818833,3,8
19,fusion,fusion_avg,0.747102,0.643423,0.843318,3,8
20,solar,solar_avg,0.546430,0.415966,0.643108,3,8
20,nuclear,nuclear_avg,0.697378,0.461607,0.782133,3,8
20,fusion,fusion_avg,0.725328,0.520993,0.805425,3,8
21,solar,solar_avg,0.544054,0.418934,0.650920,3,8
21,nuclear,nuclear_avg,0.695291,0.467094,0.790741,3,8
21,fusion,fusion_avg,0.721471,0.524377,0.814504,3,8
22,solar,solar_avg,0.551253,0.418624,0.669228,3,8
22,nuclear,nuclear_avg,0.722792,0.488075,0.814135,3,8
22,fusion,fusion_avg,0.752194,0.542569,0.838846,3,8
23,solar,solar_avg,0.546903,0.407522,0.666052,3,8
23,nuclear,nuclear_avg,0.721961,0.612458,0.811870,3,8
23,fusion,fusion_avg,0.749649,0.535606,0.837175,3,8
24,solar,solar_avg,0.549830,0.370418,0.674465,3,8
24,nuclear,nuclear_avg,0.723585,0.576225,0.821931,3,8
24,fusion,fusion_avg,0.750417,0.505905,0.846669,3,8
25,solar,solar_avg,0.550404,0.412674,0.665878,3,8
25,nuclear,nuclear_avg,0.722134,0.624758,0.812616,3,8
25,fusion,fusion_avg,0.749063,0.536235,0.837250,3,8
26,solar,solar_avg,0.549441,0.393015,0.663525,3,8
26,nuclear,nuclear_avg,0.725215,0.609991,0.810498,3,8
26,fusion,fusion_avg,0.750549,0.520743,0.836309,3,8
27,solar,solar_avg,0.542389,0.410563,0.652463,3,8
27,nuclear,nuclear_avg,0.697311,0.609547,0.793488,3,8
27,fusion,fusion_avg,0.722198,0.529208,0.816374,3,8
28,solar,solar_avg,0.541975,0.410064,0.652091,3,8
28,nuclear,nuclear_avg,0.700392,0.598605,0.791447,3,8
28,fusion,fusion_avg,0.724548,0.547607,0.815366,3,8
29,solar,solar_avg,0.546708,0.418903,0.676113,3,8
29,nuclear,nuclear_avg,0.721958,0.629587,0.819081,3,8
29,fusion,fusion_avg,0.747903,0.579699,0.843566,3,8
30,solar,solar_avg,0.546011,0.414994,0.670858,3,8
30,nuclear,nuclear_avg,0.721645,0.635650,0.817718,3,8
30,fusion,fusion_avg,0.747711,0.575787,0.842476,3,8
31,solar,solar_avg,0.545515,0.400820,0.666085,3,8
31,nuclear,nuclear_avg,0.718308,0.623032,0.814977,3,8
31,fusion,fusion_avg,0.743753,0.453898,0.839980,3,8
32,solar,solar_avg,0.545962,0.416478,0.666796,3,8
32,nuclear,nuclear_avg,0.723244,0.634791,0.815778,3,8
32,fusion,fusion_avg,0.747731,0.441695,0.839449,3,8
33,solar,solar_avg,0.546062,0.418172,0.666404,3,8
33,nuclear,nuclear_avg,0.723571,0.639634,0.815314,3,8
33,fusion,fusion_avg,0.747716,0.444195,0.838493,3,8
34,solar,solar_avg,0.545050,0.416739,0.644154,3,8
34,nuclear,nuclear_avg,0.696077,0.614614,0.783307,3,8
34,fusion,fusion_avg,0.721316,0.441479,0.805590,3,8
35,solar,solar_avg,0.540733,0.407034,0.654179,3,8
35,nuclear,nuclear_avg,0.695531,0.608330,0.795411,3,8
35,fusion,fusion_avg,0.720954,0.533846,0.818741,3,8
36,solar,solar_avg,0.544132,0.390031,0.670374,3,8
36,nuclear,nuclear_avg,0.720680,0.601448,0.810545,3,8
36,fusion,fusion_avg,0.746620,0.534629,0.835654,3,8
37,solar,solar_avg,0.547510,0.404642,0.670951,3,8
37,nuclear,nuclear_avg,0.722653,0.626207,0.812332,3,8
37,fusion,fusion_avg,0.748848,0.543188,0.836936,3,8
38,solar,solar_avg,0.548650,0.376476,0.665331,3,8
38,nuclear,nuclear_avg,0.722124,0.601549,0.812604,3,8
38,fusion,fusion_avg,0.747849,0.527709,0.838737,3,8
39,solar,solar_avg,0.547705,0.392549,0.668815,3,8
39,nuclear,nuclear_avg,0.724033,0.610957,0.818558,3,8
39,fusion,fusion_avg,0.748576,0.437747,0.842218,3,8
40,solar,solar_avg,0.547549,0.398913,0.660456,3,8
40,nuclear,nuclear_avg,0.721824,0.612005,0.809507,3,8
40,fusion,fusion_avg,0.748201,0.436957,0.833945,3,8
41,solar,solar_avg,0.542515,0.411225,0.646262,3,8
41,nuclear,nuclear_avg,0.696085,0.607629,0.786725,3,8
41,fusion,fusion_avg,0.721591,0.450809,0.810793,3,8
42,solar,solar_avg,0.543755,0.402910,0.647484,3,8
42,nuclear,nuclear_avg,0.692624,0.594380,0.786690,3,8
42,fusion,fusion_avg,0.719192,0.454425,0.811187,3,8
43,solar,solar_avg,0.549140,0.399981,0.676456,3,8
43,nuclear,nuclear_avg,0.720702,0.611164,0.819535,3,8
43,fusion,fusion_avg,0.745725,0.459063,0.844111,3,8
44,solar,solar_avg,0.547576,0.399858,0.661063,3,8
44,nuclear,nuclear_avg,0.724130,0.610725,0.810091,3,8
44,fusion,fusion_avg,0.748800,0.461808,0.833737,3,8
45,solar,solar_avg,0.549922,0.391210,0.670445,3,8
45,nuclear,nuclear_avg,0.724236,0.611782,0.817166,3,8
45,fusion,fusion_avg,0.749154,0.453282,0.841506,3,8
46,solar,solar_avg,0.545337,0.412869,0.662769,3,8
46,nuclear,nuclear_avg,0.719319,0.510462,0.810641,3,8
46,fusion,fusion_avg,0.745591,0.468193,0.834662,3,8
47,solar,solar_avg,0.548094,0.389443,0.665061,3,8
47,nuclear,nuclear_avg,0.720675,0.486275,0.812127,3,8
47,fusion,fusion_avg,0.746628,0.458222,0.838260,3,8
48,solar,solar_avg,0.545539,0.419661,0.642038,3,8
48,nuclear,nuclear_avg,0.699218,0.492701,0.782998,3,8
48,fusion,fusion_avg,0.725311,0.474895,0.807726,3,8
49,solar,solar_avg,0.546064,0.403844,0.643459,3,8
49,nuclear,nuclear_avg,0.696473,0.462547,0.783259,3,8
49,fusion,fusion_avg,0.723312,0.443993,0.808699,3,8
50,solar,solar_avg,0.545972,0.386082,0.671493,3,8
50,nuclear,nuclear_avg,0.716201,0.420125,0.815482,3,8
50,fusion,fusion_avg,0.743601,0.427752,0.840713,3,8
51,solar,solar_avg,0.544782,0.380468,0.674768,3,8
51,nuclear,nuclear_avg,0.716932,0.462148,0.820838,3,8
51,fusion,fusion_avg,0.742124,0.422973,0.844620,3,8
52,solar,solar_avg,0.547581,0.414839,0.662583,3,8
52,nuclear,nuclear_avg,0.721928,0.451341,0.811303,3,8
52,fusion,fusion_avg,0.745764,0.441099,0.835771,3,8
53,solar,solar_avg,0.547861,0.386228,0.666063,3,8
53,nuclear,nuclear_avg,0.719606,0.459441,0.812659,3,8
53,fusion,fusion_avg,0.747416,0.421663,0.838187,3,8
54,solar,solar_avg,0.545042,0.396020,0.662513,3,8
54,nuclear,nuclear_avg,0.720331,0.471177,0.809391,3,8
54,fusion,fusion_avg,0.746939,0.429647,0.835508,3,8
55,solar,solar_avg,0.545071,0.414832,0.641078,3,8
55,nuclear,nuclear_avg,0.694686,0.427325,0.779723,3,8
55,fusion,fusion_avg,0.721224,0.446937,0.805929,3,8
56,solar,solar_avg,0.544405,0.419940,0.648389,3,8
56,nuclear,nuclear_avg,0.694655,0.460954,0.786796,3,8
56,fusion,fusion_avg,0.721250,0.451492,0.811603,3,8
57,solar,solar_avg,0.546519,0.382774,0.682342,3,8
57,nuclear,nuclear_avg,0.720797,0.462733,0.826312,3,8
57,fusion,fusion_avg,0.745952,0.439233,0.850983,3,8
58,solar,solar_avg,0.548350,0.421341,0.666432,3,8
58,nuclear,nuclear_avg,0.720918,0.482341,0.811759,3,8
58,fusion,fusion_avg,0.748960,0.463134,0.837594,3,8
59,solar,solar_avg,0.543894,0.379165,0.676625,3,8
59,nuclear,nuclear_avg,0.718448,0.461934,0.823096,3,8
59,fusion,fusion_avg,0.743294,0.443846,0.848649,3,8
60,solar,solar_avg,0.613600,0.505297,0.705526,3,8
60,nuclear,nuclear_avg,0.723929,0.474572,0.807376,3,8
60,fusion,fusion_avg,0.750708,0.465796,0.832038,3,8
61,solar,solar_avg,0.610590,0.510774,0.714094,3,8
61,nuclear,nuclear_avg,0.718869,0.438461,0.814485,3,8
61,fusion,fusion_avg,0.745576,0.519118,0.839442,3,8
62,solar,solar_avg,0.592521,0.493782,0.680262,3,8
62,nuclear,nuclear_avg,0.696248,0.458641,0.779784,3,8
62,fusion,fusion_avg,0.722063,0.515327,0.803497,3,8
63,solar,solar_avg,0.596163,0.496037,0.684663,3,8
63,nuclear,nuclear_avg,0.695963,0.458193,0.785741,3,8
63,fusion,fusion_avg,0.724660,0.511634,0.811418,3,8
64,solar,solar_avg,0.622455,0.514170,0.702646,3,8
64,nuclear,nuclear_avg,0.725623,0.489011,0.800635,3,8
64,fusion,fusion_avg,0.753415,0.644743,0.827494,3,8
65,solar,solar_avg,0.610086,0.496255,0.710148,3,8
65,nuclear,nuclear_avg,0.719324,0.468072,0.810506,3,8
65,fusion,fusion_avg,0.746523,0.641930,0.835718,3,8
66,solar,solar_avg,0.610102,0.522004,0.711418,3,8
66,nuclear,nuclear_avg,0.718264,0.498902,0.812168,3,8
66,fusion,fusion_avg,0.746566,0.665393,0.837993,3,8
67,solar,solar_avg,0.610110,0.497578,0.729742,3,8
67,nuclear,nuclear_avg,0.720306,0.474302,0.830296,3,8
67,fusion,fusion_avg,0.748276,0.643482,0.854692,3,8
68,solar,solar_avg,0.610501,0.516738,0.711969,3,8
68,nuclear,nuclear_avg,0.719565,0.495104,0.812683,3,8
68,fusion,fusion_avg,0.747746,0.655075,0.837483,3,8
69,solar,solar_avg,0.592271,0.492919,0.694830,3,8
69,nuclear,nuclear_avg,0.696179,0.404966,0.797165,3,8
69,fusion,fusion_avg,0.724348,0.631582,0.821010,3,8
70,solar,solar_avg,0.592986,0.496217,0.678416,3,8
70,nuclear,nuclear_avg,0.696364,0.408061,0.779633,3,8
70,fusion,fusion_avg,0.723220,0.634553,0.804801,3,8
71,solar,solar_avg,0.616605,0.516653,0.718534,3,8
71,nuclear,nuclear_avg,0.721275,0.552944,0.818163,3,8
71,fusion,fusion_avg,0.748069,0.651431,0.842500,3,8
72,solar,solar_avg,0.616060,0.501646,0.711002,3,8
72,nuclear,nuclear_avg,0.726491,0.503115,0.812347,3,8
72,fusion,fusion_avg,0.752368,0.634162,0.836785,3,8
73,solar,solar_avg,0.611050,0.491798,0.710065,3,8
73,nuclear,nuclear_avg,0.721735,0.496262,0.810377,3,8
73,fusion,fusion_avg,0.748434,0.624108,0.835271,3,8
74,solar,solar_avg,0.613884,0.511559,0.710064,3,8
74,nuclear,nuclear_avg,0.721464,0.496844,0.810114,3,8
74,fusion,fusion_avg,0.751089,0.645541,0.836049,3,8
75,solar,solar_avg,0.613533,0.527094,0.702765,3,8
75,nuclear,nuclear_avg,0.722220,0.513085,0.804315,3,8
75,fusion,fusion_avg,0.749933,0.659334,0.829297,3,8
76,solar,solar_avg,0.589276,0.502001,0.683185,3,8
76,nuclear,nuclear_avg,0.691956,0.508288,0.785822,3,8
76,fusion,fusion_avg,0.717417,0.621788,0.809554,3,8
77,solar,solar_avg,0.592626,0.490370,0.681121,3,8
77,nuclear,nuclear_avg,0.694351,0.491068,0.782973,3,8
77,fusion,fusion_avg,0.721291,0.611405,0.806278,3,8
78,solar,solar_avg,0.615456,0.517599,0.713932,3,8
78,nuclear,nuclear_avg,0.719995,0.500205,0.813189,3,8
78,fusion,fusion_avg,0.747190,0.644248,0.838519,3,8
79,solar,solar_avg,0.607850,0.494908,0.707297,3,8
79,nuclear,nuclear_avg,0.716460,0.492227,0.809113,3,8
79,fusion,fusion_avg,0.744502,0.539355,0.833228,3,8
80,solar,solar_avg,0.614122,0.504743,0.716657,3,8
80,nuclear,nuclear_avg,0.719128,0.496855,0.817334,3,8
80,fusion,fusion_avg,0.748975,0.633132,0.841898,3,8
81,solar,solar_avg,0.611000,0.495753,0.714555,3,8
81,nuclear,nuclear_avg,0.719795,0.488596,0.814475,3,8
81,fusion,fusion_avg,0.747281,0.624902,0.840338,3,8
82,solar,solar_avg,0.609531,0.502487,0.714338,3,8
82,nuclear,nuclear_avg,0.717652,0.494481,0.815406,3,8
82,fusion,fusion_avg,0.745052,0.632721,0.839998,3,8
83,solar,solar_avg,0.590772,0.497720,0.684061,3,8
83,nuclear,nuclear_avg,0.692206,0.505426,0.786414,3,8
83,fusion,fusion_avg,0.719616,0.616001,0.809634,3,8
84,solar,solar_avg,0.594790,0.495066,0.682387,3,8
84,nuclear,nuclear_avg,0.696969,0.496783,0.784652,3,8
84,fusion,fusion_avg,0.724057,0.615073,0.807508,3,8
85,solar,solar_avg,0.615194,0.501995,0.710614,3,8
85,nuclear,nuclear_avg,0.718182,0.492652,0.811476,3,8
85,fusion,fusion_avg,0.745021,0.616757,0.835226,3,8
86,solar,solar_avg,0.610039,0.503802,0.714007,3,8
86,nuclear,nuclear_avg,0.718948,0.491970,0.815364,3,8
86,fusion,fusion_avg,0.746741,0.632791,0.840244,3,8
87,solar,solar_avg,0.610442,0.516279,0.707189,3,8
87,nuclear,nuclear_avg,0.719210,0.428290,0.807128,3,8
87,fusion,fusion_avg,0.749231,0.646505,0.833202,3,8
88,solar,solar_avg,0.607206,0.510167,0.722992,3,8
88,nuclear,nuclear_avg,0.717568,0.503905,0.823841,3,8
88,fusion,fusion_avg,0.744865,0.599425,0.849246,3,8
89,solar,solar_avg,0.611480,0.509911,0.712238,3,8
89,nuclear,nuclear_avg,0.721640,0.489621,0.808757,3,8
89,fusion,fusion_avg,0.749500,0.638363,0.838177,3,8
90,solar,solar_avg,0.595353,0.502262,0.684811,3,8
90,nuclear,nuclear_avg,0.698244,0.431201,0.785084,3,8
90,fusion,fusion_avg,0.725343,0.621713,0.809332,3,8
91,solar,solar_avg,0.593455,0.506539,0.670630,3,8
91,nuclear,nuclear_avg,0.695353,0.331969,0.772708,3,8
91,fusion,fusion_avg,0.719393,0.573237,0.797763,3,8
92,solar,solar_avg,0.616780,0.503345,0.712055,3,8
92,nuclear,nuclear_avg,0.719147,0.403481,0.810237,3,8
92,fusion,fusion_avg,0.746297,0.633970,0.835822,3,8
93,solar,solar_avg,0.609359,0.490703,0.712178,3,8
93,nuclear,nuclear_avg,0.716996,0.393333,0.811526,3,8
93,fusion,fusion_avg,0.745868,0.627781,0.837539,3,8
94,solar,solar_avg,0.614302,0.498957,0.710222,3,8
94,nuclear,nuclear_avg,0.723220,0.582875,0.810015,3,8
94,fusion,fusion_avg,0.751583,0.638523,0.836138,3,8
95,solar,solar_avg,0.611595,0.519953,0.705482,3,8
95,nuclear,nuclear_avg,0.720279,0.604661,0.805986,3,8
95,fusion,fusion_avg,0.746559,0.654319,0.831333,3,8
96,solar,solar_avg,0.611414,0.527398,0.705479,3,8
96,nuclear,nuclear_avg,0.721253,0.583814,0.805051,3,8
96,fusion,fusion_avg,0.748627,0.650461,0.830876,3,8
97,solar,solar_avg,0.588399,0.504684,0.680682,3,8
97,nuclear,nuclear_avg,0.692247,0.533999,0.781946,3,8
97,fusion,fusion_avg,0.718571,0.622005,0.805837,3,8
98,solar,solar_avg,0.594482,0.500660,0.679200,3,8
98,nuclear,nuclear_avg,0.696016,0.530340,0.780880,3,8
98,fusion,fusion_avg,0.725000,0.616966,0.804726,3,8
99,solar,solar_avg,0.618080,0.515574,0.715228,3,8
99,nuclear,nuclear_avg,0.720083,0.530426,0.812607,3,8
99,fusion,fusion_avg,0.748456,0.641219,0.838836,3,8
100,solar,solar_avg,0.610994,0.487174,0.708321,3,8
100,nuclear,nuclear_avg,0.719670,0.454726,0.807534,3,8
100,fusion,fusion_avg,0.747850,0.544041,0.835613,3,8
101,solar,solar_avg,0.611215,0.480935,0.708468,3,8
101,nuclear,nuclear_avg,0.721664,0.502712,0.808724,3,8
101,fusion,fusion_avg,0.748535,0.544282,0.835224,3,8
102,solar,solar_avg,0.610642,0.487858,0.710179,3,8
102,nuclear,nuclear_avg,0.720029,0.505128,0.810865,3,8
102,fusion,fusion_avg,0.747978,0.614495,0.836205,3,8
103,solar,solar_avg,0.613744,0.495076,0.713839,3,8
103,nuclear,nuclear_avg,0.724692,0.512111,0.810701,3,8
103,fusion,fusion_avg,0.749031,0.575005,0.839358,3,8
104,solar,solar_avg,0.594826,0.508147,0.682434,3,8
104,nuclear,nuclear_avg,0.698920,0.533615,0.784649,3,8
104,fusion,fusion_avg,0.725003,0.549625,0.807726,3,8
105,solar,solar_avg,0.595623,0.504727,0.684906,3,8
105,nuclear,nuclear_avg,0.698738,0.529910,0.786747,3,8
105,fusion,fusion_avg,0.724118,0.519490,0.811703,3,8
106,solar,solar_avg,0.615920,0.495275,0.719437,3,8
106,nuclear,nuclear_avg,0.719467,0.571865,0.817208,3,8
106,fusion,fusion_avg,0.746096,0.518966,0.843980,3,8
107,solar,solar_avg,0.607244,0.512252,0.720705,3,8
107,nuclear,nuclear_avg,0.717049,0.602219,0.821865,3,8
107,fusion,fusion_avg,0.743144,0.533027,0.846155,3,8
108,solar,solar_avg,0.610684,0.512146,0.710256,3,8
108,nuclear,nuclear_avg,0.720918,0.595848,0.810156,3,8
108,fusion,fusion_avg,0.745934,0.529515,0.836766,3,8
109,solar,solar_avg,0.611023,0.478394,0.712762,3,8
109,nuclear,nuclear_avg,0.721567,0.474875,0.811806,3,8
109,fusion,fusion_avg,0.749690,0.449799,0.838252,3,8
110,solar,solar_avg,0.613814,0.484429,0.709230,3,8
110,nuclear,nuclear_avg,0.722012,0.374929,0.808388,3,8
110,fusion,fusion_avg,0.749705,0.511923,0.835043,3,8
111,solar,solar_avg,0.595668,0.504997,0.671631,3,8
111,nuclear,nuclear_avg,0.699973,0.411146,0.773666,3,8
111,fusion,fusion_avg,0.726444,0.620315,0.797464,3,8
112,solar,solar_avg,0.593654,0.498868,0.683314,3,8
112,nuclear,nuclear_avg,0.695933,0.397587,0.783036,3,8
112,fusion,fusion_avg,0.721760,0.617010,0.809381,3,8
113,solar,solar_avg,0.618813,0.486723,0.709030,3,8
113,nuclear,nuclear_avg,0.721752,0.386105,0.807976,3,8
113,fusion,fusion_avg,0.747463,0.614737,0.832470,3,8
114,solar,solar_avg,0.609665,0.514622,0.716270,3,8
114,nuclear,nuclear_avg,0.719859,0.530519,0.816514,3,8
114,fusion,fusion_avg,0.745095,0.638275,0.841321,3,8
115,solar,solar_avg,0.612415,0.519716,0.711380,3,8
115,nuclear,nuclear_avg,0.723394,0.529183,0.811437,3,8
115,fusion,fusion_avg,0.750816,0.640986,0.837036,3,8
116,solar,solar_avg,0.614051,0.497808,0.714718,3,8
116,nuclear,nuclear_avg,0.723581,0.504273,0.814345,3,8
116,fusion,fusion_avg,0.749838,0.626588,0.839472,3,8
117,solar,solar_avg,0.608725,0.510359,0.718818,3,8
117,nuclear,nuclear_avg,0.719406,0.523168,0.820056,3,8
117,fusion,fusion_avg,0.745112,0.645600,0.844361,3,8
118,solar,solar_avg,0.589615,0.491260,0.689962,3,8
118,nuclear,nuclear_avg,0.693858,0.401417,0.793127,3,8
118,fusion,fusion_avg,0.719722,0.529263,0.815361,3,8
119,solar,solar_avg,0.590188,0.501331,0.692234,3,8
119,nuclear,nuclear_avg,0.693992,0.490553,0.794179,3,8
119,fusion,fusion_avg,0.720417,0.532149,0.816837,3,8
120,solar,solar_avg,0.616219,0.505249,0.705472,3,8
120,nuclear,nuclear_avg,0.720217,0.496917,0.805000,3,8
120,fusion,fusion_avg,0.745834,0.564887,0.831341,3,8
121,solar,solar_avg,0.609851,0.483783,0.711682,3,8
121,nuclear,nuclear_avg,0.718008,0.465322,0.814261,3,8
121,fusion,fusion_avg,0.743385,0.608800,0.835007,3,8
122,solar,solar_avg,0.609160,0.507402,0.705850,3,8
122,nuclear,nuclear_avg,0.719803,0.493723,0.807390,3,8
122,fusion,fusion_avg,0.745713,0.633375,0.831086,3,8
123,solar,solar_avg,0.609487,0.517740,0.709465,3,8
123,nuclear,nuclear_avg,0.719485,0.511851,0.810443,3,8
123,fusion,fusion_avg,0.745814,0.641596,0.835205,3,8
124,solar,solar_avg,0.610804,0.523769,0.703705,3,8
124,nuclear,nuclear_avg,0.719690,0.512821,0.804492,3,8
124,fusion,fusion_avg,0.746464,0.644321,0.828489,3,8
125,solar,solar_avg,0.598409,0.498703,0.686494,3,8
125,nuclear,nuclear_avg,0.701004,0.491852,0.790431,3,8
125,fusion,fusion_avg,0.725912,0.557199,0.811823,3,8
126,solar,solar_avg,0.592533,0.498134,0.688769,3,8
126,nuclear,nuclear_avg,0.695464,0.484837,0.792818,3,8
126,fusion,fusion_avg,0.721525,0.610562,0.813332,3,8
127,solar,solar_avg,0.615308,0.506962,0.721611,3,8
127,nuclear,nuclear_avg,0.720155,0.499538,0.821670,3,8
127,fusion,fusion_avg,0.745454,0.590385,0.845049,3,8
128,solar,solar_avg,0.610553,0.517798,0.709137,3,8
128,nuclear,nuclear_avg,0.721741,0.508229,0.810165,3,8
128,fusion,fusion_avg,0.745785,0.638055,0.833838,3,8
129,solar,solar_avg,0.610234,0.500231,0.709660,3,8
129,nuclear,nuclear_avg,0.721115,0.500502,0.812057,3,8
129,fusion,fusion_avg,0.746529,0.620918,0.834782,3,8
130,solar,solar_avg,0.608840,0.493208,0.715671,3,8
130,nuclear,nuclear_avg,0.720350,0.482071,0.817807,3,8
130,fusion,fusion_avg,0.743842,0.519693,0.840227,3,8
131,solar,solar_avg,0.611152,0.500910,0.717381,3,8
131,nuclear,nuclear_avg,0.722383,0.486769,0.818521,3,8
131,fusion,fusion_avg,0.745070,0.533390,0.842092,3,8
132,solar,solar_avg,0.594383,0.491987,0.685712,3,8
132,nuclear,nuclear_avg,0.697493,0.480232,0.788503,3,8
132,fusion,fusion_avg,0.721290,0.517154,0.811486,3,8
133,solar,solar_avg,0.594432,0.496242,0.680179,3,8
133,nuclear,nuclear_avg,0.697144,0.488419,0.783097,3,8
133,fusion,fusion_avg,0.720964,0.529115,0.804220,3,8
134,solar,solar_avg,0.613666,0.511146,0.713106,3,8
134,nuclear,nuclear_avg,0.718734,0.497267,0.811319,3,8
134,fusion,fusion_avg,0.742712,0.553735,0.834675,3,8
135,solar,solar_avg,0.616783,0.504469,0.720857,3,8
135,nuclear,nuclear_avg,0.723256,0.555860,0.823072,3,8
135,fusion,fusion_avg,0.749139,0.549997,0.843558,3,8
136,solar,solar_avg,0.607921,0.505696,0.718087,3,8
136,nuclear,nuclear_avg,0.718366,0.490747,0.819047,3,8
136,fusion,fusion_avg,0.743654,0.627690,0.844085,3,8
137,solar,solar_avg,0.615353,0.485179,0.715272,3,8
137,nuclear,nuclear_avg,0.726629,0.457758,0.815080,3,8
137,fusion,fusion_avg,0.750826,0.604447,0.839466,3,8
138,solar,solar_avg,0.610687,0.519684,0.711313,3,8
138,nuclear,nuclear_avg,0.720335,0.507662,0.813646,3,8
138,fusion,fusion_avg,0.746354,0.561759,0.836549,3,8
139,solar,solar_avg,0.592768,0.502621,0.677926,3,8
139,nuclear,nuclear_avg,0.694324,0.462454,0.780863,3,8
139,fusion,fusion_avg,0.719728,0.617390,0.803816,3,8
140,solar,solar_avg,0.591802,0.500307,0.678687,3,8
140,nuclear,nuclear_avg,0.697472,0.498278,0.781739,3,8
140,fusion,fusion_avg,0.720997,0.614363,0.804874,3,8
141,solar,solar_avg,0.619356,0.503262,0.707219,3,8
141,nuclear,nuclear_avg,0.721778,0.478318,0.806300,3,8
141,fusion,fusion_avg,0.747683,0.623229,0.831849,3,8
142,solar,solar_avg,0.613821,0.515109,0.713940,3,8
142,nuclear,nuclear_avg,0.721718,0.499679,0.814400,3,8
142,fusion,fusion_avg,0.749737,0.553583,0.839828,3,8
143,solar,solar_avg,0.607133,0.492441,0.718709,3,8
143,nuclear,nuclear_avg,0.719000,0.575756,0.819433,3,8
143,fusion,fusion_avg,0.741219,0.448001,0.844016,3,8
144,solar,solar_avg,0.613781,0.504798,0.709311,3,8
144,nuclear,nuclear_avg,0.723894,0.586960,0.809234,3,8
144,fusion,fusion_avg,0.749498,0.624746,0.835285,3,8
145,solar,solar_avg,0.612808,0.495816,0.710127,3,8
145,nuclear,nuclear_avg,0.722628,0.465534,0.811599,3,8
145,fusion,fusion_avg,0.749732,0.624234,0.836042,3,8
146,solar,solar_avg,0.592968,0.500615,0.681896,3,8
146,nuclear,nuclear_avg,0.695896,0.370584,0.783473,3,8
146,fusion,fusion_avg,0.721734,0.623110,0.806139,3,8
147,solar,solar_avg,0.592799,0.507890,0.692323,3,8
147,nuclear,nuclear_avg,0.692502,0.299739,0.794719,3,8
147,fusion,fusion_avg,0.721269,0.628218,0.817944,3,8
148,solar,solar_avg,0.614775,0.502525,0.714123,3,8
148,nuclear,nuclear_avg,0.717281,0.289622,0.813805,3,8
148,fusion,fusion_avg,0.746128,0.632419,0.838449,3,8
149,solar,solar_avg,0.612998,0.515103,0.718765,3,8
149,nuclear,nuclear_avg,0.719158,0.300207,0.820293,3,8
149,fusion,fusion_avg,0.747229,0.643276,0.844492,3,8
150,solar,solar_avg,0.607247,0.518685,0.715867,3,8
150,nuclear,nuclear_avg,0.714210,0.389361,0.816795,3,8
150,fusion,fusion_avg,0.744064,0.645440,0.841838,3,8
151,solar,solar_avg,0.612583,0.498319,0.704842,3,8
151,nuclear,nuclear_avg,0.719131,0.360756,0.805924,3,8
151,fusion,fusion_avg,0.748604,0.638470,0.830801,3,8
152,solar,solar_avg,0.605318,0.521066,0.695654,3,8
152,nuclear,nuclear_avg,0.716281,0.388237,0.806721,3,8
152,fusion,fusion_avg,0.744064,0.662317,0.832731,3,8
153,solar,solar_avg,0.579684,0.471730,0.671719,3,8
153,nuclear,nuclear_avg,0.695451,0.370039,0.786327,3,8
153,fusion,fusion_avg,0.723345,0.629028,0.810947,3,8
154,solar,solar_avg,0.572839,0.479076,0.676562,3,8
154,nuclear,nuclear_avg,0.694460,0.366331,0.792708,3,8
154,fusion,fusion_avg,0.723212,0.635059,0.815590,3,8
155,solar,solar_avg,0.600573,0.498147,0.701737,3,8
155,nuclear,nuclear_avg,0.716344,0.372999,0.814284,3,8
155,fusion,fusion_avg,0.747960,0.657628,0.838984,3,8
156,solar,solar_avg,0.596732,0.490109,0.697829,3,8
156,nuclear,nuclear_avg,0.713486,0.364322,0.810803,3,8
156,fusion,fusion_avg,0.744392,0.655497,0.837832,3,8
157,solar,solar_avg,0.599187,0.467110,0.694536,3,8
157,nuclear,nuclear_avg,0.711081,0.334283,0.808956,3,8
157,fusion,fusion_avg,0.745357,0.625912,0.834664,3,8
158,solar,solar_avg,0.601125,0.481306,0.701459,3,8
158,nuclear,nuclear_avg,0.715884,0.353281,0.814442,3,8
158,fusion,fusion_avg,0.746836,0.637664,0.838867,3,8
159,solar,solar_avg,0.596311,0.500825,0.694931,3,8
159,nuclear,nuclear_avg,0.711142,0.375762,0.809089,3,8
159,fusion,fusion_avg,0.744633,0.610354,0.836436,3,8
160,solar,solar_avg,0.572776,0.478096,0.671816,3,8
160,nuclear,nuclear_avg,0.692848,0.367955,0.788696,3,8
160,fusion,fusion_avg,0.723842,0.632903,0.811906,3,8
161,solar,solar_avg,0.566006,0.472236,0.669161,3,8
161,nuclear,nuclear_avg,0.689118,0.363806,0.788361,3,8
161,fusion,fusion_avg,0.717639,0.627091,0.812723,3,8
162,solar,solar_avg,0.601110,0.481128,0.700416,3,8
162,nuclear,nuclear_avg,0.716942,0.364988,0.812408,3,8
162,fusion,fusion_avg,0.747417,0.555664,0.837129,3,8
163,solar,solar_avg,0.596629,0.495700,0.694062,3,8
163,nuclear,nuclear_avg,0.715117,0.376881,0.806889,3,8
163,fusion,fusion_avg,0.745733,0.652247,0.833722,3,8
164,solar,solar_avg,0.600779,0.477166,0.695104,3,8
164,nuclear,nuclear_avg,0.717939,0.359572,0.808664,3,8
164,fusion,fusion_avg,0.747496,0.637038,0.835046,3,8
165,solar,solar_avg,0.600835,0.458923,0.707984,3,8
165,nuclear,nuclear_avg,0.719483,0.304243,0.821184,3,8
165,fusion,fusion_avg,0.746819,0.617315,0.846011,3,8
166,solar,solar_avg,0.601536,0.472878,0.694473,3,8
166,nuclear,nuclear_avg,0.719623,0.394594,0.809985,3,8
166,fusion,fusion_avg,0.747912,0.575192,0.835587,3,8
167,solar,solar_avg,0.570120,0.476836,0.651831,3,8
167,nuclear,nuclear_avg,0.693088,0.358484,0.773524,3,8
167,fusion,fusion_avg,0.722126,0.629902,0.796259,3,8
168,solar,solar_avg,0.572085,0.474621,0.663072,3,8
168,nuclear,nuclear_avg,0.697158,0.366364,0.784037,3,8
168,fusion,fusion_avg,0.724931,0.629502,0.806622,3,8
169,solar,solar_avg,0.602063,0.480832,0.695151,3,8
169,nuclear,nuclear_avg,0.721131,0.350540,0.807919,3,8
169,fusion,fusion_avg,0.748738,0.621131,0.832478,3,8
170,solar,solar_avg,0.598367,0.496709,0.692550,3,8
170,nuclear,nuclear_avg,0.714129,0.471922,0.807082,3,8
170,fusion,fusion_avg,0.742603,0.632016,0.832337,3,8
171,solar,solar_avg,0.597726,0.495184,0.694170,3,8
171,nuclear,nuclear_avg,0.715806,0.470813,0.809203,3,8
171,fusion,fusion_avg,0.744009,0.634921,0.832014,3,8
172,solar,solar_avg,0.600385,0.502234,0.699953,3,8
172,nuclear,nuclear_avg,0.716783,0.442570,0.812452,3,8
172,fusion,fusion_avg,0.746479,0.577337,0.835489,3,8
173,solar,solar_avg,0.597173,0.473085,0.700180,3,8
173,nuclear,nuclear_avg,0.717812,0.448195,0.813266,3,8
173,fusion,fusion_avg,0.746654,0.552968,0.836108,3,8
174,solar,solar_avg,0.571468,0.473219,0.667691,3,8
174,nuclear,nuclear_avg,0.694839,0.357725,0.786655,3,8
174,fusion,fusion_avg,0.721716,0.549838,0.806588,3,8
175,solar,solar_avg,0.568386,0.477673,0.668178,3,8
175,nuclear,nuclear_avg,0.693027,0.366831,0.788450,3,8
175,fusion,fusion_avg,0.720705,0.562012,0.810867,3,8
176,solar,solar_avg,0.601113,0.482926,0.698716,3,8
176,nuclear,nuclear_avg,0.719212,0.351644,0.808812,3,8
176,fusion,fusion_avg,0.746851,0.555911,0.837163,3,8
177,solar,solar_avg,0.601250,0.500782,0.696511,3,8
177,nuclear,nuclear_avg,0.718169,0.377379,0.810272,3,8
177,fusion,fusion_avg,0.746674,0.573391,0.835330,3,8
178,solar,solar_avg,0.601567,0.490615,0.702414,3,8
178,nuclear,nuclear_avg,0.719748,0.376202,0.814265,3,8
178,fusion,fusion_avg,0.747841,0.569687,0.839323,3,8
179,solar,solar_avg,0.599540,0.473731,0.692453,3,8
179,nuclear,nuclear_avg,0.718293,0.354367,0.805732,3,8
179,fusion,fusion_avg,0.746456,0.553069,0.830305,3,8
180,solar,solar_avg,0.598995,0.467240,0.708427,3,8
180,nuclear,nuclear_avg,0.720296,0.348189,0.815336,3,8
180,fusion,fusion_avg,0.747639,0.546877,0.843158,3,8
181,solar,solar_avg,0.570556,0.473049,0.665970,3,8
181,nuclear,nuclear_avg,0.694923,0.472904,0.785006,3,8
181,fusion,fusion_avg,0.721070,0.556755,0.806363,3,8
182,solar,solar_avg,0.570676,0.472886,0.662444,3,8
182,nuclear,nuclear_avg,0.695383,0.474197,0.781622,3,8
182,fusion,fusion_avg,0.721364,0.554338,0.803691,3,8
183,solar,solar_avg,0.599150,0.486384,0.693651,3,8
183,nuclear,nuclear_avg,0.718604,0.458285,0.807476,3,8
183,fusion,fusion_avg,0.745807,0.553157,0.832538,3,8
184,solar,solar_avg,0.598462,0.477680,0.701058,3,8
184,nuclear,nuclear_avg,0.717567,0.388641,0.815343,3,8
184,fusion,fusion_avg,0.745352,0.560580,0.839857,3,8
185,solar,solar_avg,0.601059,0.476213,0.700551,3,8
185,nuclear,nuclear_avg,0.717224,0.380348,0.812335,3,8
185,fusion,fusion_avg,0.747570,0.624016,0.838864,3,8
186,solar,solar_avg,0.598436,0.459688,0.701303,3,8
186,nuclear,nuclear_avg,0.718704,0.310139,0.813985,3,8
186,fusion,fusion_avg,0.747249,0.610714,0.840387,3,8
187,solar,solar_avg,0.599767,0.484168,0.695515,3,8
187,nuclear,nuclear_avg,0.719530,0.392733,0.810476,3,8
187,fusion,fusion_avg,0.749119,0.648264,0.835922,3,8
188,solar,solar_avg,0.573964,0.477526,0.670025,3,8
188,nuclear,nuclear_avg,0.698606,0.397466,0.788844,3,8
188,fusion,fusion_avg,0.726561,0.635326,0.812630,3,8
189,solar,solar_avg,0.573642,0.466887,0.666431,3,8
189,nuclear,nuclear_avg,0.697906,0.394835,0.786075,3,8
189,fusion,fusion_avg,0.726867,0.626701,0.810923,3,8
190,solar,solar_avg,0.603809,0.483294,0.690284,3,8
190,nuclear,nuclear_avg,0.721909,0.497305,0.805446,3,8
190,fusion,fusion_avg,0.750809,0.645020,0.831292,3,8
191,solar,solar_avg,0.600020,0.487202,0.696609,3,8
191,nuclear,nuclear_avg,0.717386,0.497388,0.811697,3,8
191,fusion,fusion_avg,0.746231,0.634663,0.837279,3,8
192,solar,solar_avg,0.600915,0.507104,0.697828,3,8
192,nuclear,nuclear_avg,0.718441,0.524089,0.811351,3,8
192,fusion,fusion_avg,0.746914,0.657128,0.837514,3,8
193,solar,solar_avg,0.596513,0.457895,0.704621,3,8
193,nuclear,nuclear_avg,0.715541,0.476931,0.816245,3,8
193,fusion,fusion_avg,0.742791,0.602476,0.842031,3,8
194,solar,solar_avg,0.602933,0.496202,0.689003,3,8
194,nuclear,nuclear_avg,0.720799,0.517052,0.803653,3,8
194,fusion,fusion_avg,0.749461,0.646184,0.830428,3,8
195,solar,solar_avg,0.567647,0.474868,0.671976,3,8
195,nuclear,nuclear_avg,0.693100,0.400889,0.791215,3,8
195,fusion,fusion_avg,0.720610,0.627487,0.815373,3,8
196,solar,solar_avg,0.568129,0.478051,0.659719,3,8
196,nuclear,nuclear_avg,0.691309,0.400563,0.780922,3,8
196,fusion,fusion_avg,0.718654,0.623020,0.804209,3,8
197,solar,solar_avg,0.604077,0.503976,0.686441,3,8
197,nuclear,nuclear_avg,0.720062,0.420445,0.801271,3,8
197,fusion,fusion_avg,0.750129,0.651509,0.827537,3,8
198,solar,solar_avg,0.602384,0.500801,0.699763,3,8
198,nuclear,nuclear_avg,0.719709,0.413293,0.813419,3,8
198,fusion,fusion_avg,0.748251,0.650342,0.839665,3,8
199,solar,solar_avg,0.595803,0.474143,0.699211,3,8
199,nuclear,nuclear_avg,0.715109,0.382677,0.811299,3,8
199,fusion,fusion_avg,0.744383,0.631552,0.838527,3,8
200,solar,solar_avg,0.597124,0.495554,0.699618,3,8
200,nuclear,nuclear_avg,0.714902,0.395936,0.813686,3,8
200,fusion,fusion_avg,0.744438,0.644360,0.839921,3,8
201,solar,solar_avg,0.602842,0.477780,0.689849,3,8
201,nuclear,nuclear_avg,0.721103,0.387521,0.803610,3,8
201,fusion,fusion_avg,0.749661,0.630701,0.830781,3,8
202,solar,solar_avg,0.565636,0.475990,0.667132,3,8
202,nuclear,nuclear_avg,0.688949,0.404344,0.786670,3,8
202,fusion,fusion_avg,0.716967,0.623826,0.810439,3,8
203,solar,solar_avg,0.574352,0.476444,0.663392,3,8
203,nuclear,nuclear_avg,0.698937,0.397248,0.782420,3,8
203,fusion,fusion_avg,0.725876,0.624060,0.807186,3,8
204,solar,solar_avg,0.599285,0.486746,0.698538,3,8
204,nuclear,nuclear_avg,0.714759,0.407618,0.810720,3,8
204,fusion,fusion_avg,0.744117,0.629553,0.838327,3,8
205,solar,solar_avg,0.598828,0.491075,0.700986,3,8
205,nuclear,nuclear_avg,0.715648,0.397320,0.812482,3,8
205,fusion,fusion_avg,0.744869,0.645123,0.839754,3,8
206,solar,solar_avg,0.601491,0.483179,0.700647,3,8
206,nuclear,nuclear_avg,0.719769,0.380269,0.812126,3,8
206,fusion,fusion_avg,0.746864,0.641444,0.839796,3,8
207,solar,solar_avg,0.600208,0.483290,0.698708,3,8
207,nuclear,nuclear_avg,0.720051,0.419174,0.811539,3,8
207,fusion,fusion_avg,0.748226,0.635934,0.838603,3,8
208,solar,solar_avg,0.596541,0.480137,0.699675,3,8
208,nuclear,nuclear_avg,0.716728,0.488216,0.814018,3,8
208,fusion,fusion_avg,0.745398,0.635126,0.840347,3,8
209,solar,solar_avg,0.568015,0.475709,0.670437,3,8
209,nuclear,nuclear_avg,0.691274,0.491305,0.789847,3,8
209,fusion,fusion_avg,0.718950,0.567435,0.813688,3,8
210,solar,solar_avg,0.568347,0.477813,0.667989,3,8
210,nuclear,nuclear_avg,0.691888,0.426672,0.786157,3,8
210,fusion,fusion_avg,0.719698,0.630444,0.810880,3,8
211,solar,solar_avg,0.601926,0.491995,0.702634,3,8
211,nuclear,nuclear_avg,0.720413,0.498162,0.815038,3,8
211,fusion,fusion_avg,0.747895,0.646799,0.842106,3,8
212,solar,solar_avg,0.600702,0.460585,0.702932,3,8
212,nuclear,nuclear_avg,0.720838,0.473316,0.815409,3,8
212,fusion,fusion_avg,0.748960,0.614666,0.841732,3,8
213,solar,solar_avg,0.594942,0.475885,0.695128,3,8
213,nuclear,nuclear_avg,0.717018,0.479233,0.808162,3,8
213,fusion,fusion_avg,0.742429,0.547634,0.834634,3,8
214,solar,solar_avg,0.596659,0.476735,0.697410,3,8
214,nuclear,nuclear_avg,0.717553,0.488401,0.809694,3,8
214,fusion,fusion_avg,0.742902,0.543557,0.837029,3,8
215,solar,solar_avg,0.598186,0.470143,0.702405,3,8
215,nuclear,nuclear_avg,0.719494,0.474108,0.815475,3,8
215,fusion,fusion_avg,0.744495,0.536325,0.842568,3,8
216,solar,solar_avg,0.578110,0.478330,0.657119,3,8
216,nuclear,nuclear_avg,0.701444,0.488046,0.777730,3,8
216,fusion,fusion_avg,0.726767,0.538487,0.802339,3,8
217,solar,solar_avg,0.568001,0.472608,0.667162,3,8
217,nuclear,nuclear_avg,0.693175,0.483378,0.783436,3,8
217,fusion,fusion_avg,0.717486,0.535367,0.810352,3,8
218,solar,solar_avg,0.598209,0.486241,0.696745,3,8
218,nuclear,nuclear_avg,0.718665,0.491596,0.808655,3,8
218,fusion,fusion_avg,0.744226,0.553040,0.835371,3,8
219,solar,solar_avg,0.601054,0.477003,0.696618,3,8
219,nuclear,nuclear_avg,0.722627,0.494504,0.810051,3,8
219,fusion,fusion_avg,0.747361,0.534217,0.837143,3,8
220,solar,solar_avg,0.595406,0.486444,0.698373,3,8
220,nuclear,nuclear_avg,0.714538,0.614444,0.811873,3,8
220,fusion,fusion_avg,0.741740,0.558282,0.837560,3,8
221,solar,solar_avg,0.594873,0.483337,0.702510,3,8
221,nuclear,nuclear_avg,0.713918,0.602287,0.816523,3,8
221,fusion,fusion_avg,0.741687,0.637414,0.841196,3,8
222,solar,solar_avg,0.598720,0.490262,0.700585,3,8
222,nuclear,nuclear_avg,0.719283,0.606875,0.814825,3,8
222,fusion,fusion_avg,0.746230,0.640526,0.841018,3,8
223,solar,solar_avg,0.567947,0.477981,0.662990,3,8
223,nuclear,nuclear_avg,0.693305,0.595630,0.782107,3,8
223,fusion,fusion_avg,0.718803,0.574877,0.805572,3,8
224,solar,solar_avg,0.574534,0.475675,0.658303,3,8
224,nuclear,nuclear_avg,0.698157,0.593336,0.777377,3,8
224,fusion,fusion_avg,0.723565,0.563211,0.802952,3,8
225,solar,solar_avg,0.602837,0.479287,0.697280,3,8
225,nuclear,nuclear_avg,0.719969,0.591360,0.808748,3,8
225,fusion,fusion_avg,0.747604,0.628286,0.835290,3,8
226,solar,solar_avg,0.601790,0.479343,0.701270,3,8
226,nuclear,nuclear_avg,0.722518,0.594222,0.812749,3,8
226,fusion,fusion_avg,0.748149,0.623264,0.839450,3,8
227,solar,solar_avg,0.603966,0.467220,0.695178,3,8
227,nuclear,nuclear_avg,0.724030,0.457582,0.808361,3,8
227,fusion,fusion_avg,0.751168,0.602845,0.835263,3,8
228,solar,solar_avg,0.601261,0.476927,0.698636,3,8
228,nuclear,nuclear_avg,0.721675,0.471102,0.810215,3,8
228,fusion,fusion_avg,0.750665,0.625295,0.836695,3,8
229,solar,solar_avg,0.599913,0.478920,0.691256,3,8
229,nuclear,nuclear_avg,0.719039,0.456650,0.805853,3,8
229,fusion,fusion_avg,0.748909,0.626004,0.832217,3,8
230,solar,solar_avg,0.570973,0.472513,0.668128,3,8
230,nuclear,nuclear_avg,0.695574,0.480441,0.788048,3,8
230,fusion,fusion_avg,0.722179,0.619828,0.811793,3,8
231,solar,solar_avg,0.564988,0.473780,0.672794,3,8
231,nuclear,nuclear_avg,0.690019,0.486016,0.790782,3,8
231,fusion,fusion_avg,0.718483,0.621674,0.815101,3,8
232,solar,solar_avg,0.602942,0.497832,0.698903,3,8
232,nuclear,nuclear_avg,0.718655,0.503400,0.811202,3,8
232,fusion,fusion_avg,0.748892,0.571887,0.837525,3,8
233,solar,solar_avg,0.597852,0.501786,0.703794,3,8
233,nuclear,nuclear_avg,0.717214,0.505164,0.817505,3,8
233,fusion,fusion_avg,0.744236,0.542396,0.842671,3,8
234,solar,solar_avg,0.601606,0.498793,0.692408,3,8
234,nuclear,nuclear_avg,0.720128,0.504428,0.807085,3,8
234,fusion,fusion_avg,0.749200,0.538988,0.833328,3,8
235,solar,solar_avg,0.597768,0.473039,0.700324,3,8
235,nuclear,nuclear_avg,0.717860,0.478600,0.814633,3,8
235,fusion,fusion_avg,0.745185,0.516750,0.838513,3,8
236,solar,solar_avg,0.597354,0.472671,0.709309,3,8
236,nuclear,nuclear_avg,0.718418,0.484360,0.822839,3,8
236,fusion,fusion_avg,0.746231,0.523110,0.846343,3,8
237,solar,solar_avg,0.577686,0.479557,0.658386,3,8
237,nuclear,nuclear_avg,0.701547,0.482298,0.780724,3,8
237,fusion,fusion_avg,0.728055,0.537152,0.803982,3,8
238,solar,solar_avg,0.567559,0.480201,0.670995,3,8
238,nuclear,nuclear_avg,0.691521,0.490343,0.790091,3,8
238,fusion,fusion_avg,0.718581,0.540982,0.813422,3,8
239,solar,solar_avg,0.600571,0.490650,0.700189,3,8
239,nuclear,nuclear_avg,0.718268,0.488320,0.812517,3,8
239,fusion,fusion_avg,0.748037,0.523618,0.838550,3,8
240,solar,solar_avg,0.597360,0.500429,0.699366,3,8
240,nuclear,nuclear_avg,0.717756,0.504591,0.815043,3,8
240,fusion,fusion_avg,0.743113,0.538168,0.839499,3,8
241,solar,solar_avg,0.598148,0.500882,0.693432,3,8
241,nuclear,nuclear_avg,0.717893,0.624678,0.809746,3,8
241,fusion,fusion_avg,0.742642,0.454781,0.833902,3,8
242,solar,solar_avg,0.598928,0.459608,0.700586,3,8
242,nuclear,nuclear_avg,0.718194,0.516048,0.815701,3,8
242,fusion,fusion_avg,0.744111,0.423406,0.839913,3,8
243,solar,solar_avg,0.599429,0.487547,0.694882,3,8
243,nuclear,nuclear_avg,0.720799,0.599434,0.809315,3,8
243,fusion,fusion_avg,0.745086,0.440192,0.834028,3,8
244,solar,solar_avg,0.545155,0.440824,0.633628,3,8
244,nuclear,nuclear_avg,0.698202,0.593786,0.783547,3,8
244,fusion,fusion_avg,0.722604,0.437724,0.807260,3,8
245,solar,solar_avg,0.544644,0.436683,0.645032,3,8
245,nuclear,nuclear_avg,0.697554,0.594135,0.793371,3,8
245,fusion,fusion_avg,0.723773,0.437416,0.814527,3,8
246,solar,solar_avg,0.558125,0.429171,0.669554,3,8
246,nuclear,nuclear_avg,0.720518,0.584028,0.814515,3,8
246,fusion,fusion_avg,0.745406,0.426429,0.839113,3,8
247,solar,solar_avg,0.561984,0.428070,0.671798,3,8
247,nuclear,nuclear_avg,0.722731,0.600002,0.817905,3,8
247,fusion,fusion_avg,0.748318,0.437559,0.842067,3,8
248,solar,solar_avg,0.558158,0.421533,0.662696,3,8
248,nuclear,nuclear_avg,0.722250,0.598025,0.812709,3,8
248,fusion,fusion_avg,0.747208,0.515235,0.833108,3,8
249,solar,solar_avg,0.554366,0.436132,0.676789,3,8
249,nuclear,nuclear_avg,0.721017,0.615546,0.824235,3,8
249,fusion,fusion_avg,0.744945,0.528001,0.848767,3,8
250,solar,solar_avg,0.557204,0.415266,0.661551,3,8
250,nuclear,nuclear_avg,0.723131,0.577250,0.810321,3,8
250,fusion,fusion_avg,0.748557,0.506042,0.834309,3,8
251,solar,solar_avg,0.538608,0.441027,0.631871,3,8
251,nuclear,nuclear_avg,0.693102,0.604771,0.784186,3,8
251,fusion,fusion_avg,0.718286,0.511040,0.807036,3,8
252,solar,solar_avg,0.539274,0.440820,0.639040,3,8
252,nuclear,nuclear_avg,0.693315,0.554327,0.789949,3,8
252,fusion,fusion_avg,0.718182,0.517024,0.812367,3,8
253,solar,solar_avg,0.559777,0.432974,0.660580,3,8
253,nuclear,nuclear_avg,0.722905,0.582391,0.806450,3,8
253,fusion,fusion_avg,0.748887,0.421846,0.831055,3,8
254,solar,solar_avg,0.558291,0.434395,0.668758,3,8
254,nuclear,nuclear_avg,0.720639,0.593623,0.816295,3,8
254,fusion,fusion_avg,0.747064,0.424691,0.838556,3,8
255,solar,solar_avg,0.555868,0.444958,0.663602,3,8
255,nuclear,nuclear_avg,0.716216,0.389135,0.811266,3,8
255,fusion,fusion_avg,0.745257,0.443873,0.837109,3,8
256,solar,solar_avg,0.557661,0.418540,0.662073,3,8
256,nuclear,nuclear_avg,0.719014,0.339814,0.811187,3,8
256,fusion,fusion_avg,0.748967,0.499238,0.836946,3,8
257,solar,solar_avg,0.551352,0.431913,0.664303,3,8
257,nuclear,nuclear_avg,0.711916,0.365166,0.814166,3,8
257,fusion,fusion_avg,0.741979,0.517353,0.839889,3,8
258,solar,solar_avg,0.540389,0.441222,0.640044,3,8
258,nuclear,nuclear_avg,0.694027,0.375593,0.788869,3,8
258,fusion,fusion_avg,0.721757,0.570436,0.812001,3,8
259,solar,solar_avg,0.539349,0.433425,0.650324,3,8
259,nuclear,nuclear_avg,0.689034,0.382250,0.799263,3,8
259,fusion,fusion_avg,0.718740,0.615277,0.822666,3,8
260,solar,solar_avg,0.557378,0.447403,0.666967,3,8
260,nuclear,nuclear_avg,0.718174,0.391693,0.812716,3,8
260,fusion,fusion_avg,0.749522,0.636063,0.838348,3,8
261,solar,solar_avg,0.557821,0.431793,0.660974,3,8
261,nuclear,nuclear_avg,0.718878,0.371941,0.808054,3,8
261,fusion,fusion_avg,0.750601,0.621643,0.833995,3,8
262,solar,solar_avg,0.560531,0.409928,0.674843,3,8
262,nuclear,nuclear_avg,0.719814,0.319190,0.821801,3,8
262,fusion,fusion_avg,0.750825,0.614744,0.847305,3,8
263,solar,solar_avg,0.555952,0.426057,0.663160,3,8
263,nuclear,nuclear_avg,0.719661,0.357331,0.810253,3,8
263,fusion,fusion_avg,0.747409,0.614482,0.836515,3,8
264,solar,solar_avg,0.558329,0.428350,0.670458,3,8
264,nuclear,nuclear_avg,0.721501,0.369331,0.817468,3,8
264,fusion,fusion_avg,0.750914,0.620679,0.843353,3,8
265,solar,solar_avg,0.540102,0.441212,0.634376,3,8
265,nuclear,nuclear_avg,0.694208,0.374056,0.782139,3,8
265,fusion,fusion_avg,0.726272,0.613680,0.807374,3,8
266,solar,solar_avg,0.541358,0.440518,0.630024,3,8
266,nuclear,nuclear_avg,0.692312,0.372225,0.777928,3,8
266,fusion,fusion_avg,0.722995,0.612083,0.801450,3,8
267,solar,solar_avg,0.555520,0.451204,0.664007,3,8
267,nuclear,nuclear_avg,0.717018,0.399095,0.810507,3,8
267,fusion,fusion_avg,0.747674,0.636072,0.836977,3,8
268,solar,solar_avg,0.557288,0.410309,0.665627,3,8
268,nuclear,nuclear_avg,0.721095,0.452388,0.811911,3,8
268,fusion,fusion_avg,0.750678,0.608632,0.838368,3,8
269,solar,solar_avg,0.553307,0.448890,0.666518,3,8
269,nuclear,nuclear_avg,0.714954,0.500377,0.815219,3,8
269,fusion,fusion_avg,0.745243,0.573765,0.841940,3,8
270,solar,solar_avg,0.554135,0.404368,0.674859,3,8
270,nuclear,nuclear_avg,0.717907,0.340902,0.819977,3,8
270,fusion,fusion_avg,0.747605,0.539349,0.846921,3,8
271,solar,solar_avg,0.555900,0.438341,0.665646,3,8
271,nuclear,nuclear_avg,0.719862,0.389214,0.813965,3,8
271,fusion,fusion_avg,0.747591,0.602499,0.841525,3,8
272,solar,solar_avg,0.538420,0.448271,0.635311,3,8
272,nuclear,nuclear_avg,0.691628,0.392156,0.784714,3,8
272,fusion,fusion_avg,0.721730,0.627718,0.809030,3,8
273,solar,solar_avg,0.541584,0.439291,0.636337,3,8
273,nuclear,nuclear_avg,0.698202,0.486545,0.786016,3,8
273,fusion,fusion_avg,0.727633,0.624413,0.810071,3,8
274,solar,solar_avg,0.582348,0.463651,0.685026,3,8
274,nuclear,nuclear_avg,0.717572,0.482470,0.809771,3,8
274,fusion,fusion_avg,0.746753,0.629615,0.834227,3,8
275,solar,solar_avg,0.581711,0.472361,0.691948,3,8
275,nuclear,nuclear_avg,0.718058,0.490593,0.815009,3,8
275,fusion,fusion_avg,0.745854,0.641696,0.840331,3,8
276,solar,solar_avg,0.586568,0.451156,0.681699,3,8
276,nuclear,nuclear_avg,0.721853,0.484637,0.807183,3,8
276,fusion,fusion_avg,0.749907,0.573517,0.832036,3,8
277,solar,solar_avg,0.584770,0.456059,0.684164,3,8
277,nuclear,nuclear_avg,0.716917,0.468537,0.811164,3,8
277,fusion,fusion_avg,0.745990,0.623251,0.836651,3,8
278,solar,solar_avg,0.585171,0.459237,0.695821,3,8
278,nuclear,nuclear_avg,0.720539,0.480140,0.821698,3,8
278,fusion,fusion_avg,0.750096,0.637971,0.846617,3,8
279,solar,solar_avg,0.574678,0.473167,0.660950,3,8
279,nuclear,nuclear_avg,0.695209,0.483082,0.785881,3,8
279,fusion,fusion_avg,0.727589,0.625932,0.810046,3,8
280,solar,solar_avg,0.564164,0.474694,0.667889,3,8
280,nuclear,nuclear_avg,0.689768,0.476922,0.792383,3,8
280,fusion,fusion_avg,0.718742,0.634767,0.816001,3,8
281,solar,solar_avg,0.585889,0.451660,0.677450,3,8
281,nuclear,nuclear_avg,0.718928,0.374510,0.802469,3,8
281,fusion,fusion_avg,0.750320,0.625572,0.828982,3,8
282,solar,solar_avg,0.584832,0.465152,0.683940,3,8
282,nuclear,nuclear_avg,0.722679,0.400986,0.809736,3,8
282,fusion,fusion_avg,0.751799,0.644103,0.836099,3,8
283,solar,solar_avg,0.584022,0.471956,0.689520,3,8
283,nuclear,nuclear_avg,0.721029,0.406273,0.815189,3,8
283,fusion,fusion_avg,0.748404,0.645788,0.838987,3,8
284,solar,solar_avg,0.584133,0.444529,0.688136,3,8
284,nuclear,nuclear_avg,0.719184,0.374597,0.813757,3,8
284,fusion,fusion_avg,0.748914,0.631019,0.839005,3,8
285,solar,solar_avg,0.581800,0.451523,0.686080,3,8
285,nuclear,nuclear_avg,0.720249,0.380320,0.812800,3,8
285,fusion,fusion_avg,0.747927,0.622555,0.838376,3,8
286,solar,solar_avg,0.569079,0.473728,0.662167,3,8
286,nuclear,nuclear_avg,0.691111,0.393775,0.787771,3,8
286,fusion,fusion_avg,0.721674,0.619800,0.811037,3,8
287,solar,solar_avg,0.572488,0.468365,0.665655,3,8
287,nuclear,nuclear_avg,0.697746,0.389410,0.790377,3,8
287,fusion,fusion_avg,0.723544,0.546467,0.812687,3,8
288,solar,solar_avg,0.580161,0.476612,0.690330,3,8
288,nuclear,nuclear_avg,0.714511,0.404132,0.815379,3,8
288,fusion,fusion_avg,0.741841,0.640153,0.839991,3,8
289,solar,solar_avg,0.583193,0.463855,0.683710,3,8
289,nuclear,nuclear_avg,0.718941,0.395202,0.809054,3,8
289,fusion,fusion_avg,0.746731,0.624829,0.834628,3,8
290,solar,solar_avg,0.584348,0.470136,0.684566,3,8
290,nuclear,nuclear_avg,0.719835,0.394818,0.810355,3,8
290,fusion,fusion_avg,0.746954,0.631238,0.835998,3,8
291,solar,solar_avg,0.581728,0.466962,0.685141,3,8
291,nuclear,nuclear_avg,0.716384,0.397507,0.811704,3,8
291,fusion,fusion_avg,0.745725,0.628461,0.836129,3,8
292,solar,solar_avg,0.586132,0.464774,0.681058,3,8
292,nuclear,nuclear_avg,0.723813,0.396302,0.806828,3,8
292,fusion,fusion_avg,0.750533,0.529149,0.831822,3,8
293,solar,solar_avg,0.573148,0.468861,0.668561,3,8
293,nuclear,nuclear_avg,0.695712,0.265697,0.792074,3,8
293,fusion,fusion_avg,0.724047,0.571256,0.814879,3,8
294,solar,solar_avg,0.567334,0.477057,0.658555,3,8
294,nuclear,nuclear_avg,0.692507,0.277554,0.782961,3,8
294,fusion,fusion_avg,0.719465,0.623498,0.807601,3,8
295,solar,solar_avg,0.582476,0.479416,0.689481,3,8
295,nuclear,nuclear_avg,0.717979,0.382430,0.813251,3,8
295,fusion,fusion_avg,0.745875,0.640887,0.838470,3,8
296,solar,solar_avg,0.580687,0.475330,0.683269,3,8
296,nuclear,nuclear_avg,0.719348,0.382389,0.809029,3,8
296,fusion,fusion_avg,0.746806,0.635937,0.834600,3,8
297,solar,solar_avg,0.582554,0.485141,0.692492,3,8
297,nuclear,nuclear_avg,0.721410,0.391672,0.819162,3,8
297,fusion,fusion_avg,0.747688,0.648915,0.844027,3,8
298,solar,solar_avg,0.578434,0.464942,0.696609,3,8
298,nuclear,nuclear_avg,0.717990,0.456822,0.822744,3,8
298,fusion,fusion_avg,0.744658,0.632893,0.846488,3,8
299,solar,solar_avg,0.581229,0.451921,0.688942,3,8
299,nuclear,nuclear_avg,0.717801,0.431796,0.814097,3,8
299,fusion,fusion_avg,0.745086,0.615346,0.839102,3,8
300,solar,solar_avg,0.569546,0.471766,0.656347,3,8
300,nuclear,nuclear_avg,0.694302,0.589308,0.780523,3,8
300,fusion,fusion_avg,0.719351,0.522243,0.804999,3,8
301,solar,solar_avg,0.570037,0.468061,0.662567,3,8
301,nuclear,nuclear_avg,0.693633,0.593282,0.788435,3,8
301,fusion,fusion_avg,0.722905,0.626673,0.810149,3,8
302,solar,solar_avg,0.585562,0.455798,0.693972,3,8
302,nuclear,nuclear_avg,0.723160,0.530047,0.818241,3,8
302,fusion,fusion_avg,0.749702,0.578844,0.843842,3,8
303,solar,solar_avg,0.580960,0.458556,0.691356,3,8
303,nuclear,nuclear_avg,0.719864,0.600234,0.817160,3,8
303,fusion,fusion_avg,0.747460,0.587644,0.842170,3,8
304,solar,solar_avg,0.585886,0.473394,0.690742,3,8
304,nuclear,nuclear_avg,0.724826,0.609371,0.816335,3,8
304,fusion,fusion_avg,0.751241,0.593457,0.839528,3,8
305,solar,solar_avg,0.583512,0.476241,0.690694,3,8
305,nuclear,nuclear_avg,0.721898,0.613041,0.817546,3,8
305,fusion,fusion_avg,0.747883,0.646944,0.841658,3,8
306,solar,solar_avg,0.580653,0.478012,0.682925,3,8
306,nuclear,nuclear_avg,0.720154,0.611775,0.809533,3,8
306,fusion,fusion_avg,0.746736,0.642098,0.835010,3,8
307,solar,solar_avg,0.567391,0.477219,0.652660,3,8
307,nuclear,nuclear_avg,0.693932,0.572510,0.777590,3,8
307,fusion,fusion_avg,0.722266,0.588475,0.801440,3,8
308,solar,solar_avg,0.569844,0.469963,0.661928,3,8
308,nuclear,nuclear_avg,0.695928,0.597619,0.785949,3,8
308,fusion,fusion_avg,0.723447,0.621974,0.810540,3,8
309,solar,solar_avg,0.585577,0.463832,0.687897,3,8
309,nuclear,nuclear_avg,0.722365,0.589865,0.811779,3,8
309,fusion,fusion_avg,0.748988,0.622725,0.836453,3,8
310,solar,solar_avg,0.583102,0.476888,0.684786,3,8
310,nuclear,nuclear_avg,0.721212,0.603257,0.811596,3,8
310,fusion,fusion_avg,0.747077,0.643299,0.836211,3,8
311,solar,solar_avg,0.584560,0.459324,0.679644,3,8
311,nuclear,nuclear_avg,0.721970,0.580778,0.805808,3,8
311,fusion,fusion_avg,0.747704,0.546019,0.831835,3,8
312,solar,solar_avg,0.582979,0.453076,0.693958,3,8
312,nuclear,nuclear_avg,0.720774,0.581275,0.820736,3,8
312,fusion,fusion_avg,0.745168,0.539137,0.845359,3,8
313,solar,solar_avg,0.583186,0.454854,0.696914,3,8
313,nuclear,nuclear_avg,0.720359,0.592193,0.822374,3,8
313,fusion,fusion_avg,0.745852,0.481311,0.847227,3,8
314,solar,solar_avg,0.567266,0.485726,0.659918,3,8
314,nuclear,nuclear_avg,0.694250,0.614442,0.784616,3,8
314,fusion,fusion_avg,0.719127,0.484678,0.808367,3,8
315,solar,solar_avg,0.567243,0.466289,0.671964,3,8
315,nuclear,nuclear_avg,0.694443,0.574667,0.796614,3,8
315,fusion,fusion_avg,0.719987,0.559714,0.819764,3,8
316,solar,solar_avg,0.584422,0.485302,0.684415,3,8
316,nuclear,nuclear_avg,0.720138,0.575819,0.808244,3,8
316,fusion,fusion_avg,0.746356,0.589763,0.833868,3,8
317,solar,solar_avg,0.587465,0.454386,0.686604,3,8
317,nuclear,nuclear_avg,0.723985,0.590566,0.811741,3,8
317,fusion,fusion_avg,0.749829,0.627056,0.837630,3,8
318,solar,solar_avg,0.584786,0.449507,0.692467,3,8
318,nuclear,nuclear_avg,0.724173,0.582899,0.817678,3,8
318,fusion,fusion_avg,0.749638,0.628233,0.842995,3,8
319,solar,solar_avg,0.580964,0.487878,0.686628,3,8
319,nuclear,nuclear_avg,0.721208,0.622328,0.812495,3,8
319,fusion,fusion_avg,0.745759,0.657712,0.837216,3,8
320,solar,solar_avg,0.578897,0.472623,0.697719,3,8
320,nuclear,nuclear_avg,0.718253,0.608505,0.823878,3,8
320,fusion,fusion_avg,0.743615,0.645349,0.848214,3,8
321,solar,solar_avg,0.570372,0.467543,0.662948,3,8
321,nuclear,nuclear_avg,0.698738,0.445730,0.787540,3,8
321,fusion,fusion_avg,0.725178,0.623924,0.812187,3,8
322,solar,solar_avg,0.570447,0.483166,0.656552,3,8
322,nuclear,nuclear_avg,0.696324,0.611996,0.781657,3,8
322,fusion,fusion_avg,0.720875,0.634216,0.805689,3,8
323,solar,solar_avg,0.584609,0.478076,0.690366,3,8
323,nuclear,nuclear_avg,0.723888,0.542925,0.812112,3,8
323,fusion,fusion_avg,0.747833,0.548655,0.836292,3,8
324,solar,solar_avg,0.586582,0.478315,0.690569,3,8
324,nuclear,nuclear_avg,0.725433,0.621165,0.816006,3,8
324,fusion,fusion_avg,0.748745,0.565953,0.840892,3,8
325,solar,solar_avg,0.582078,0.446801,0.694646,3,8
325,nuclear,nuclear_avg,0.721091,0.595943,0.821875,3,8
325,fusion,fusion_avg,0.745469,0.538827,0.845027,3,8
326,solar,solar_avg,0.584681,0.445787,0.686441,3,8
326,nuclear,nuclear_avg,0.722929,0.588258,0.812296,3,8
326,fusion,fusion_avg,0.748371,0.608987,0.837237,3,8
327,solar,solar_avg,0.579579,0.465007,0.698451,3,8
327,nuclear,nuclear_avg,0.718458,0.601511,0.824837,3,8
327,fusion,fusion_avg,0.745001,0.641437,0.847547,3,8
328,solar,solar_avg,0.571066,0.480131,0.660234,3,8
328,nuclear,nuclear_avg,0.697956,0.510361,0.782356,3,8
328,fusion,fusion_avg,0.723074,0.636590,0.806673,3,8
329,solar,solar_avg,0.571178,0.466889,0.678489,3,8
329,nuclear,nuclear_avg,0.701181,0.594057,0.803231,3,8
329,fusion,fusion_avg,0.725522,0.623479,0.824557,3,8
330,solar,solar_avg,0.580664,0.457607,0.692542,3,8
330,nuclear,nuclear_avg,0.720188,0.551850,0.815659,3,8
330,fusion,fusion_avg,0.746254,0.632851,0.840648,3,8
331,solar,solar_avg,0.584417,0.453904,0.690894,3,8
331,nuclear,nuclear_avg,0.723929,0.573683,0.815423,3,8
331,fusion,fusion_avg,0.749704,0.545772,0.838836,3,8
332,solar,solar_avg,0.585815,0.483196,0.681397,3,8
332,nuclear,nuclear_avg,0.722957,0.562264,0.807980,3,8
332,fusion,fusion_avg,0.746996,0.562956,0.832648,3,8
333,solar,solar_avg,0.584791,0.473896,0.687011,3,8
333,nuclear,nuclear_avg,0.722757,0.571515,0.812818,3,8
333,fusion,fusion_avg,0.746784,0.557371,0.836577,3,8
334,solar,solar_avg,0.580083,0.473839,0.689753,3,8
334,nuclear,nuclear_avg,0.718221,0.601674,0.816595,3,8
334,fusion,fusion_avg,0.742288,0.554265,0.840671,3,8
335,solar,solar_avg,0.552703,0.427785,0.641394,3,8
335,nuclear,nuclear_avg,0.697222,0.593261,0.780997,3,8
335,fusion,fusion_avg,0.719835,0.523085,0.802395,3,8
336,solar,solar_avg,0.550450,0.421570,0.649516,3,8
336,nuclear,nuclear_avg,0.695063,0.316835,0.786771,3,8
336,fusion,fusion_avg,0.721733,0.524553,0.808381,3,8
337,solar,solar_avg,0.564809,0.404098,0.675340,3,8
337,nuclear,nuclear_avg,0.719222,0.314989,0.815044,3,8
337,fusion,fusion_avg,0.747161,0.541464,0.839639,3,8
338,solar,solar_avg,0.558458,0.418982,0.669062,3,8
338,nuclear,nuclear_avg,0.720210,0.317821,0.812018,3,8
338,fusion,fusion_avg,0.747548,0.564060,0.837988,3,8
339,solar,solar_avg,0.553957,0.385805,0.666833,3,8
339,nuclear,nuclear_avg,0.715518,0.291956,0.813251,3,8
339,fusion,fusion_avg,0.744569,0.545179,0.838854,3,8
340,solar,solar_avg,0.551225,0.415944,0.665882,3,8
340,nuclear,nuclear_avg,0.716594,0.318256,0.811191,3,8
340,fusion,fusion_avg,0.745300,0.566431,0.836859,3,8
341,solar,solar_avg,0.547083,0.390252,0.665986,3,8
341,nuclear,nuclear_avg,0.718350,0.299959,0.814157,3,8
341,fusion,fusion_avg,0.746042,0.545608,0.839362,3,8
342,solar,solar_avg,0.543334,0.423762,0.642359,3,8
342,nuclear,nuclear_avg,0.692881,0.310833,0.783515,3,8
342,fusion,fusion_avg,0.719175,0.529976,0.805824,3,8
343,solar,solar_avg,0.545523,0.423207,0.651044,3,8
343,nuclear,nuclear_avg,0.696160,0.322424,0.791082,3,8
343,fusion,fusion_avg,0.722351,0.523864,0.813442,3,8
344,solar,solar_avg,0.545827,0.379869,0.687084,3,8
344,nuclear,nuclear_avg,0.715930,0.297712,0.827100,3,8
344,fusion,fusion_avg,0.743355,0.518077,0.852224,3,8
345,solar,solar_avg,0.548153,0.382896,0.668462,3,8
345,nuclear,nuclear_avg,0.718747,0.294936,0.811124,3,8
345,fusion,fusion_avg,0.746301,0.523137,0.837085,3,8
346,solar,solar_avg,0.550248,0.401599,0.666869,3,8
346,nuclear,nuclear_avg,0.720694,0.291823,0.808834,3,8
346,fusion,fusion_avg,0.749722,0.547610,0.837432,3,8
347,solar,solar_avg,0.548603,0.379789,0.673075,3,8
347,nuclear,nuclear_avg,0.720259,0.291089,0.816899,3,8
347,fusion,fusion_avg,0.748441,0.523431,0.843595,3,8
348,solar,solar_avg,0.547088,0.387599,0.665065,3,8
348,nuclear,nuclear_avg,0.718380,0.295839,0.810518,3,8
348,fusion,fusion_avg,0.746215,0.531378,0.835106,3,8
349,solar,solar_avg,0.542721,0.414346,0.653624,3,8
349,nuclear,nuclear_avg,0.691990,0.309644,0.790608,3,8
349,fusion,fusion_avg,0.720639,0.623638,0.817741,3,8
350,solar,solar_avg,0.544313,0.414687,0.646110,3,8
350,nuclear,nuclear_avg,0.695555,0.301410,0.782979,3,8
350,fusion,fusion_avg,0.721744,0.621301,0.807357,3,8
351,solar,solar_avg,0.549641,0.379389,0.663761,3,8
351,nuclear,nuclear_avg,0.719250,0.291626,0.806219,3,8
351,fusion,fusion_avg,0.747898,0.614879,0.834026,3,8
352,solar,solar_avg,0.545274,0.405558,0.674695,3,8
352,nuclear,nuclear_avg,0.715705,0.316252,0.817988,3,8
352,fusion,fusion_avg,0.746375,0.640709,0.845577,3,8
353,solar,solar_avg,0.544496,0.401716,0.662882,3,8
353,nuclear,nuclear_avg,0.717103,0.420379,0.808191,3,8
353,fusion,fusion_avg,0.743697,0.556490,0.832397,3,8
354,solar,solar_avg,0.547654,0.408513,0.668913,3,8
354,nuclear,nuclear_avg,0.720344,0.418407,0.811634,3,8
354,fusion,fusion_avg,0.748512,0.642160,0.839547,3,8
355,solar,solar_avg,0.543795,0.376444,0.671242,3,8
355,nuclear,nuclear_avg,0.716317,0.395957,0.817332,3,8
355,fusion,fusion_avg,0.745275,0.615262,0.843533,3,8
356,solar,solar_avg,0.545367,0.416557,0.644347,3,8
356,nuclear,nuclear_avg,0.698473,0.475355,0.784681,3,8
356,fusion,fusion_avg,0.724475,0.619539,0.808240,3,8
357,solar,solar_avg,0.537154,0.423935,0.651448,3,8
357,nuclear,nuclear_avg,0.691047,0.490682,0.790640,3,8
357,fusion,fusion_avg,0.718342,0.634000,0.816092,3,8
358,solar,solar_avg,0.548771,0.411700,0.667288,3,8
358,nuclear,nuclear_avg,0.719283,0.491954,0.809880,3,8
358,fusion,fusion_avg,0.747641,0.643518,0.837366,3,8
359,solar,solar_avg,0.544669,0.420820,0.665125,3,8
359,nuclear,nuclear_avg,0.717938,0.503185,0.810152,3,8
359,fusion,fusion_avg,0.745234,0.665704,0.836567,3,8
360,solar,solar_avg,0.545500,0.407436,0.675162,3,8
360,nuclear,nuclear_avg,0.719387,0.502019,0.820616,3,8
360,fusion,fusion_avg,0.747753,0.662403,0.846553,3,8
361,solar,solar_avg,0.547004,0.400911,0.665981,3,8
361,nuclear,nuclear_avg,0.720952,0.597170,0.811554,3,8
361,fusion,fusion_avg,0.749328,0.647589,0.839338,3,8
362,solar,solar_avg,0.547065,0.409735,0.668359,3,8
362,nuclear,nuclear_avg,0.721297,0.615502,0.815508,3,8
362,fusion,fusion_avg,0.749015,0.661304,0.841654,3,8
363,solar,solar_avg,0.543210,0.418923,0.644686,3,8
363,nuclear,nuclear_avg,0.698209,0.603885,0.783563,3,8
363,fusion,fusion_avg,0.725086,0.639035,0.809478,3,8
364,solar,solar_avg,0.543716,0.413111,0.643118,3,8
364,nuclear,nuclear_avg,0.697737,0.595619,0.781558,3,8
364,fusion,fusion_avg,0.723506,0.633650,0.805849,3,8
365,solar,solar_avg,0.551391,0.373624,0.667100,3,8
365,nuclear,nuclear_avg,0.723955,0.574119,0.805697,3,8
365,fusion,fusion_avg,0.750408,0.627680,0.833105,3,8
